post_id,time,text
730004149170923,2023-11-10 23:35:06,ChÃºng ta hÃ£y cÃ¹ng nhau má»™t láº§n ná»¯a nhÃ¬n láº¡i hÃ¬nh áº£nh nÃ y - khoáº£nh kháº¯c quyáº¿t Ä‘á»‹nh váº­n má»‡nh vÃ  lá»‹ch sá»­ cá»§a toÃ n bá»™ VÅ© Trá»¥:
729861169185221,2023-11-10 18:27:51,"""Ta lÃ  Loki cá»§a Asgard. VÃ  ta gÃ¡nh vÃ¡c trÃªn mÃ¬nh má»¥c Ä‘Ã­ch Ä‘áº§y váº» vang."" ğŸ§‘â€ğŸ¨ğŸ§™"
729701689201169,2023-11-10 11:35:33,"ÄM Táº¬P CUá»I TUYá»†T Vá»œIğŸ¤¯ğŸ˜±ğŸ’¯!
GLORIOUS PURPOSE!!!!ğŸ‘ğŸ’šğŸ¦¹â€â™‚ï¸
LOKI THE GREATEST GOD OF ALL TIME!!!
Show hay nháº¥t MCU cmnr hoáº·c Ã­t nháº¥t lÃ  táº­p cuá»‘i hay nháº¥tğŸ˜ğŸ˜†.
Ad khÃ´ng muá»‘n gÃ¢y hype quÃ¡ má»©c cho cÃ¡c báº¡n Ä‘Ã¢u nhÆ°ng ká»³ thá»±c nÃ³ tuyá»‡t vá»i quÃ¡ áº¡ğŸ¥ºğŸ˜µâ€ğŸ’«
Ai biáº¿t tiáº¿ng Anh thÃ¬ xem luÃ´n Ä‘i, vÃ  ko cÃ³ after credit gÃ¬ Ä‘Ã¢u."
729692509202087,2023-11-10 11:04:08,Táº¥t cáº£ cÃ¡c phim trong nÄƒm 2024 cá»§a MCU Ä‘á»u sáº½ lÃ  phim mÆ°á»i tÃ¡m cá»™ng ğŸ¥¹ğŸ¥¹
729666115871393,2023-11-10 09:48:32,Theo thÃ´ng bÃ¡o má»›i cá»§a Disney thÃ¬ nÄƒm sau chá»‰ cÃ³ má»™t phim MCU Ä‘Ã³ lÃ  Deadpool 3 ğŸ¥µ. Hai phim Captain Americ: Brave New World vÃ  Thunderbolts Ä‘Ã¡ng láº½ cÃ¹ng ra vÃ o 2024 thÃ¬ bá»‹ dá»i sang 2025.
729398519231486,2023-11-09 21:29:44,"The Marvels á»•n Ã¡p 1 cÃ¡ch báº¥t ngá» nha má»i ngÆ°á»i ğŸ˜‚ğŸ˜‚ Xem xong tháº¥y KHÃ”NG Há»€ Tá»† nhÆ° tÆ°á»Ÿng tÆ°á»£ng, HAY hÆ¡n mong Ä‘á»£i ráº¥t nhiá»u luÃ´n.
-1 admin má»›i xem xong-"
729351225902882,2023-11-09 19:51:54,VÃ¬ máº¥y máº» diá»…n viÃªn Ä‘Ã¬nh cÃ´ng nÃªn máº¥y ngÆ°á»i lÃ´i tÃ´i ra phá»ng váº¥n tháº­t Ã  ğŸ˜‚ğŸ˜‚ğŸ˜‚
729292349242103,2023-11-09 17:23:01,"TIN VUI: Sau thá»i gian ráº¥t dÃ i thÃ¬ cuá»™c Ä‘Ã¬nh cÃ´ng cá»§a Hollywood lá»‹ch sá»­ Ä‘Ã£ Ä‘i Ä‘áº¿n há»“i káº¿t. Sau khi hiá»‡p há»™i biÃªn ká»‹ch Ä‘á»“ng Ã½ vá»›i thá»a thuáº­n má»›i, thÃ¬ vÃ o sÃ¡ng ngÃ y hÃ´m nay hiá»‡p há»™i cÃ¡c diá»…n viÃªn Ä‘Ã£ cháº¥p nháº­n Ä‘Ã mXem thÃªm phÃ¡n cuá»‘i cÃ¹ng tá»« cÃ¡c Studios. Trong thá»i gian nÃ y tuyá»‡t Ä‘á»‘i khÃ´ng cÃ³ diá»…n viÃªn nÃ o Ä‘Æ°á»£c pr cho cÃ¡c bá»™ phim hay Ä‘Äƒng táº£i vá» cÃ¡c bá»™ phim cá»§a mÃ¬nh, cÃ¡c bá»™ phim Ä‘ang dá»«ng láº¡i khi khÃ´ng cÃ³ diá»…n viÃªn.
Tuy nhiÃªu cuá»™c Ä‘Ã¬nh cÃ´ng SAG-AFTRA sáº½ sá»›m chÃ­nh thá»©c káº¿t thÃºc vÃ  Ä‘Ã¢y lÃ  tÃ­n hiá»‡u Ä‘Ã¡ng má»«ng cho táº¥t cáº£ cÃ¡c bÃªn Ä‘áº·c biá»‡t lÃ  ngÆ°á»i hÃ¢m má»™ vÃ¬ cÃ¡c bá»™ phim sáº½ theo Ä‘Æ°á»£c Ä‘Ãºng lá»‹ch trÃ¬nh ra máº¯t."
729158322588839,2023-11-09 10:15:21,"CÃ³ má»™t sá»± tháº­t cháº¯c cháº¯n lÃ  ai cÅ©ng pháº£i Ä‘á»“ng tÃ¬nh trÃªn cÃ¡c bÃ i Ä‘Ã¡nh giÃ¡ lÃ  Ms.Marvel sáº½ lÃ  ngÃ´i sao cá»§a phim láº§n nÃ y.
CÃ´ bÃ© vÃ o vai má»™t cÃ¡ch tá»± nhiÃªn nháº¥t, dÃ¹ lÃ  má»™t tÃ¢n binh nhÆ°ng láº¡i cÃ³ tÃ­nh cÃ¡ch hÃ²a Ä‘á»“ng vÃ  lÃ  trÃ¡i tim gáº¯n káº¿t táº¥t cáº£ má»i ngÆ°á»i. Xem xong ai cÅ©ng sáº½ thÃ­ch vai diá»…n cá»§a Iman Vellani cho mÃ  xem."
728884865949518,2023-11-08 22:02:39,"Review nhanh The Marvels:
. So vá»›i Kiáº¿n 3 vÃ  Vá»‡ Binh 3 thÃ¬ phim nÃ y cháº¯c náº±m ngay chÃ­nh giá»¯a, an toÃ n ğŸ‘Œ
. CÃ¡c hoÃ ng thÆ°á»£ng xuáº¥t hiá»‡n cáº£nh nÃ o lÃ  chiáº¿m sÃ³ng cáº£nh Ä‘Ã³
. Äáº©y ngay chiáº¿c thuyá»n cho Cap Marvel vá»›iXem thÃªm chá»§ tá»‹ch Park Seo Joon
. Xuáº¥t hiá»‡n cá»±c nhiá»u nhÃ¢n váº­t Ä‘áº·c biá»‡t
. KÄ© xáº£o CGI ngon lÃ nh
. Nháº¡c phim bao phÃª
. Äoáº¡n mid-credits Ä‘á»‰nh vklllllll ğŸ˜­ğŸ˜­"
728762865961718,2023-11-08 17:13:03,"Chuáº©n bá»‹ láº§n Ä‘áº§u tiÃªn Ä‘Æ°á»£c tháº¥y mÃ n team up giá»¯a Captain Marvel vÃ  Ms Marvel trÃªn Ä‘iá»‡n áº£nh.

The Marvels báº¯t Ä‘áº§u khá»Ÿi chiáº¿u vÃ o ngÃ y mai táº¡i cÃ¡c ráº¡p trÃªn toÃ n quá»‘c nhÃ© cÃ¡c báº¡n"
728692722635399,2023-11-08 13:36:09,"Náº¿u báº¡n nghÄ© The Marvels kÃ©o cÃ¡c Avengers Ä‘á»ƒ thu hÃºt fan thÃ¬ khÃ´ng pháº£i láº§n Ä‘áº§u Ä‘Ã¢u Marvel váº«n sá»­ dá»¥ng tháº¿ máº¡nh cá»§a VÅ© Trá»¥ Ä‘iá»‡n áº£nh Ä‘á»ƒ thu hÃºt khÃ¡n giáº£ Ä‘Ã¢u. Ant-Man, Doctor Strange, Black Widow, Guardians of the Galaxy, Eternals, ... Ä‘á»u Ä‘Æ°a vÃ o trailer Ä‘á»ƒ táº¡o sá»± liÃªn káº¿t lÃ  chuyá»‡n bÃ¬nh thÆ°á»ng chá»© cÅ©ng ko cÃ³ j quÃ¡ Ä‘áº·c biá»‡t."
728641052640566,2023-11-08 10:57:52,"Äá»˜C Láº  GALAXY !!
LÆ°á»›t trÃªn máº¡ng tháº¥y Galaxy má»Ÿ cá»¥m ráº¡p theme The Marvels luÃ´n khÃ´ng biáº¿t cÃ³ báº¡n nÃ o Ä‘i check VAR chÆ°a chá»© nhÃ¬n Æ°ng pháº¿t Ä‘áº¥y.
Hay lÃ m nháº¹ cÃ¡i offline á»Ÿ ráº¡p nÃ y thÃ¬ cháº¯c khá»i cáº§n trang trÃ­ luÃ´n"
728483025989702,2023-11-08 02:10:35,ThÃ­ch nháº¥t Ä‘oáº¡n cao trÃ o trong Loki season 2 khi thá»±c táº¡i báº¯t Ä‘áº§u bá»‹ xoÃ¡ thÃ¬ Loki hÃ´ to â€œItâ€™s xoÃ¡ báº£ng timeâ€
728409392663732,2023-11-07 22:56:31,CÃ³ thá»ƒ Kang mÃ  há»™i Ä‘á»“ng Kang nÃ³i tá»›i khÃ´ng pháº£i Kang mÃ  chÃºng ta nghÄ© ğŸ¤”ğŸ¤”ğŸ¤”
728332969338041,2023-11-07 19:57:35,"Sau khi cÃ³ pháº£n há»“i tÃ­ch cá»±c tá»« trailer cá»§a Echo thÃ¬ Ä‘áº¡o diá»…n cá»§a Blade MCU cÅ©ng khÃ´ng giáº¥u ná»¯a mÃ  chia sáº» luÃ´n lÃ  pháº§n Blade tiáº¿p theo sáº½ lÃ  phim Rated-R vá»›i yáº¿u tá»‘ báº¡o lá»±c vÃ  ngÃ´n tá»« nháº¡y cáº£m.
ÄÃ¢y cÅ©ng lÃ  phim Rated-R thá»© 2 cá»§a MCU sau Deadpool 3"
728155199355818,2023-11-07 11:46:03,"KhÃ´ng biáº¿t Marvel cÃ³ kÃ½ káº¿t gÃ¬ vá»›i anh Musk khÃ´ng mÃ  trailer nÃ o cÅ©ng cÃ i cáº¯m ráº¥t nhiá»u cÃ¡c chá»¯ X.
Liá»‡u The Marvels cÃ³ liÃªn quan gÃ¬ Ä‘áº¿n máº¡ng xÃ£ há»™i X khÃ´ng ta?"
728132902691381,2023-11-07 10:38:33,"Trailer cuá»‘i cÃ¹ng cá»§a The Marvels.
Tráº­n chiáº¿n nÃ y sáº½ khÃ´ng dá»«ng láº¡i á»Ÿ má»™t vÅ© trá»¥, cÃ¡nh cá»•ng khÃ´ng gian Ä‘Ã£ má»Ÿ ra vÃ  kÃ©o theo Ä‘Ã³ lÃ  sá»± há»§y hiá»‡t. CÃ³ váº» nhÆ° cáº£ vá»£ chá»“ng nhÃ  Loki Ä‘á»u thÃ­ch má»Ÿ cá»•ng khÃ´ng gian mang tÃ u vÅ© trá»¥ Ä‘áº¿n Ä‘Ã¡nh nhÃ  ngÆ°á»i ta.

The Marvels Ä‘Ã£ má»Ÿ bÃ¡n vÃ© táº¡i táº¥t cáº£ cÃ¡c ráº¡p trÃªn toÃ n quá»‘c"
728129619358376,2023-11-07 10:27:36,"PhiÃªn báº£n MCU cá»§a D.B.Cooper vÃ  Frank Morris, hai tá»™i pháº¡m cÃ³ cuá»™c Ä‘Ã o thoÃ¡t thÃ nh cÃ´ng vÃ  biáº¿n máº¥t biá»‡t tÄƒm khÃ´ng cÃ³ lá»i giáº£i Ä‘Ã¡p.
HÃ³a ra lÃ  do alien ""báº¯t cÃ³c"" cáº£ :v :)))."
727936109377727,2023-11-07 01:36:28,"""Glorious Purpose"""
727850819386256,2023-11-06 22:33:44,TrÃ´ng hÃ¬nh nÃ y cá»© nhÆ° bÃ¬a Album cá»§a cÃ´ ca sÄ© ThÃºy Loan giáº¥u tÃªn nÃ o Ä‘Ã³ Ã½ nhá»‰
727818706056134,2023-11-06 21:31:35,"[MINIGAME - TRÃšNG VÃ‰ Há»ŒP BÃO - THE MARVELS]

Äá»ƒ chÃ o Ä‘Ã³n bom táº¥n cuá»‘i cÃ¹ng cá»§a nhÃ  M trong nÄƒm nay - The Marvels sáº½ Ä‘Æ°á»£c khá»Ÿi chiáº¿u chÃ­nh thá»©c táº¡i cÃ¡c ráº¡p trÃªn toÃ n quá»‘c tá»« ngÃ y 10/11. Há»™i hÃ¢m má»™ Marvel chÃºngXem thÃªm mÃ¬nh sáº½ tá»• chá»©c má»™t minigame nho nhá» táº·ng cÃ¡c báº¡n vÃ© há»p bÃ¡o táº¡i khu vá»±c HÃ  Ná»™i. Cá»¥ thá»ƒ
Thá»i gian: 18h ngÃ y 9/11/2023
Äá»‹a Ä‘iá»ƒm: CGV Metropolis Liá»…u Giai, HÃ  Ná»™i
Äá»ƒ tham gia minigame cÃ¡c báº¡n hÃ£y lÃ m theo cÃ¡c bÆ°á»›c sau:
ğŸ“ŒB1: Like + Share bÃ i viáº¿t nÃ y á»Ÿ cháº¿ Ä‘á»™ cÃ´ng khai
ğŸ“ŒB2: Cmt tÃªn chÃº ""mÃ¨o"" Ä‘Ã£ cÃ¹ng Ä‘á»“ng hÃ nh vá»›i Captain Marvel trong pháº§n phim Ä‘áº§u tiÃªn + Tag 1 ng báº¡n
ğŸ“ŒB3: Chá» Ä‘á»£i káº¿t quáº£

Káº¿t quáº£ sáº½ Ä‘Æ°á»£c chÃºng mÃ¬nh cÃ´ng bá»‘ vÃ o tá»‘i thá»© 4 ngÃ y 8/11. CÃ¡c báº¡n yÃªn tÃ¢m lÃ  váº«n sáº½ cÃ²n 1 minigame vá»›i nhá»¯ng pháº§n quÃ  háº¥p dáº«n khÃ´ng kÃ©m sáº½ Ä‘Æ°á»£c lÃªn sÃ³ng nha !!!! Nhanh tay chÆ¡i minigame thÃ´i nÃ o

#TheMarvels"
727746762729995,2023-11-06 18:42:16,"Äoáº¡n nÃ y tá»™i Ã´ng chÃº vc ğŸ˜”ğŸ¥º
Khi báº¡n muá»‘n lÃ m nhÃ  vÄƒn nhÆ°ng Ä‘á»i báº¯t lÃ m TVA :v
Ráº¥t thÃ­ch khiáº¿u hÃ i hÆ°á»›c cá»§a chÃº, ká»ƒ cáº£ tÃ¬nh huá»‘ng buá»“n váº«n cá»‘ gáº¯ng láº¡c quan vui váº». :)))"
727704986067506,2023-11-06 16:55:06,"NhÃ¬n thÃ¬ trÃ´ng chiáº¿c MÃ¨o cute tháº¿ thÃ´i chá»© thá»±c ra..... ğŸ˜‚

_______________________________
The Marvels khá»Ÿi chiáº¿u táº¡i cÃ¡c ráº¡p trÃªn toÃ n quá»‘c ngÃ y 10/11"
727634169407921,2023-11-06 13:08:45,"Sá»± Ã­ch ká»· cá»§a LokiğŸ˜”.
Sau nhá»¯ng gÃ¬ tráº£i qua, Loki Ä‘Ã£ cÃ³ Ä‘Æ°á»£c vÃ  biáº¿t quÃ½ trá»ng nhá»¯ng ngÆ°á»i báº¡n Ä‘á»“ng hÃ nh vÃ  cáº£m tháº¥y mÃ¬nh cÃ³ má»¥c Ä‘Ã­ch tá»“n táº¡i, khÃ´ng láº¡c lÃµng bÆ¡ vÆ¡. Trong vÃ´ thá»©c anh muá»‘n nÃ­u kÃ©o há» má»™t cÃ¡ch ""Ã­ch ká»·"", nhá» Ä‘Ã³ váº¡n váº­t sáº½ Ä‘Æ°á»£c khÃ´i phá»¥c, cÃ³ láº½ Ä‘Ã¢y lÃ  ""Glorious Purpose"" cá»§a Loki."
727556759415662,2023-11-06 09:08:10,"MÃ¬nh khÃ¡ tÃ² mÃ² vá» láº§n Ä‘áº§u tiÃªn Kamala Ä‘Æ°á»£c gáº·p Idol thÃ¬ nhÆ° tháº¿ nÃ o, ngoÃ i Ä‘á»i thÃ¬ cÃ´ bÃ© up cáº£ trÄƒm cÃ¡i story vá» viá»‡c Ä‘Æ°á»£c máº¥y diá»…n viÃªn Marvel nháº¯n tin chÃºc má»«ng, khÃ´ng biáº¿t trong phim thÃ¬ cÃ´ bÃ© pháº£n á»©ng raXem thÃªm sao.
Iman Vellani lÃ  má»™t trong nhá»¯ng diÃªn viÃªn tráº» Ä‘u idol thÃ nh cÃ´ng nháº¥t trong dÃ n Young Avengers, tá»« fan Marvel trá»Ÿ thÃ nh Avengers"
727161116121893,2023-11-05 19:27:48,"Khi Ä‘Æ°á»£c há»i:""Ai lÃ  ngÆ°á»i Ä‘áº§u tiÃªn rá»§ mÃ y báº¯n thuá»‘c lÃ o?"""
726771442827527,2023-11-05 01:39:52,Ok ğŸ‘Œ
726657189505619,2023-11-04 21:48:15,"Ã”ng nÃ o lÃ m táº¡o hÃ¬nh cho anh trai quáº£ mÅ© kÃ¬ dá»¯ váº­y. CÆ¡ mÃ  tháº¥y Ä‘Ã¡nh giÃ¡ sá»›m thÃ¬ ai cÅ©ng thÃ­ch nhÃ¢n váº­t cá»§a Ã´ng nhÃ©, mang quÃ¢n Ä‘á»™i giao chiáº¿n vá»›i tá»™c Kree Ä‘á»ƒ báº£o vá»‡ 3 chá»‹ em nhÃ  Marvel"
726632232841448,2023-11-04 20:53:50,CÃ¢u chuyá»‡n thÆ°á»ng ngÃ y á»Ÿ nhÃ  cá»§a máº¥y Ä‘á»©a mÃª mÃ¨o
726617332842938,2023-11-04 20:21:57,"""Nháº­t kÃ½ - Hell's Kitchen ngÃ y 35/10/2023 ...
TÃ´i dÆ°á»ng nhÆ° Ä‘Ã£ unlock Ä‘Æ°á»£c má»™t sá»‘ siÃªu sá»©c máº¡nh má»›i"""
726541169517221,2023-11-04 17:28:25,"""TVA, ASSEMBLE!"" - Loki

""TVA, Táº¬P ÄOÃ€N! ""- Loki"
726407516197253,2023-11-04 14:14:52,"""BÃªn chi nhÃ¡nh TVA Bank má»›i tuyá»ƒn Ä‘Æ°á»£c nhÃ¢n sá»± Ä‘á»‰nh láº¯m m áº¡, áº£nh vá»«a hiá»n, hÃ i hÆ°á»›c, nhanh tay, khÃ´ng ngáº¡i cviec chÃ¢n tay váº¥t váº£, biáº¿t chÃ¨o thuyá»n, láº¡i cÃ³ backgr khá»§ng..."" ğŸ§"
726347992869872,2023-11-04 10:58:19,Vá»¥t qua trong trailer bÃ³ng dÃ¡ng ai Ä‘Ã³ sáº¯p cÃ³ series riÃªng 18 táº­p ğŸ˜šğŸ˜šğŸ˜š
726305062874165,2023-11-04 09:15:04,Kingpin ğŸ‘‘ Má»™t trong nhá»¯ng pháº£n diá»‡n Ä‘Ã¡ng sá»£ nháº¥t. Hy vá»ng lÃ  nhá»¯ng phÃ¢n cáº£nh thá»ƒ hiá»‡n má»©c Ä‘á»™ nguy hiá»ƒm cá»§a tÃªn Ã¡c nhÃ¢n nÃ y sáº½ váº«n Ä‘Æ°á»£c thá»ƒ hiá»‡n tá»‘t trong cÃ¡c dá»± Ã¡n sáº¯p tá»›i cá»§a MCU
726114816226523,2023-11-03 23:40:59,"Series ECHO tung trailer Ä‘áº§u tiÃªn vá»›i lá»‘i ká»ƒ chuyá»‡n tá»« gÃ³c nhÃ¬n cá»§a má»™t pháº£n diá»‡n. Kingpin sáº½ Ä‘Ã³ng vai trÃ² quan trá»ng trong cÃ¢u chuyá»‡n cá»§a Echo vÃ  mÃ u phim sáº½ má»Ÿ Ä‘áº§u cho má»™t anh hÃ¹ng Ä‘Æ°á»ng phá»‘ má»›i cá»§a Marvel.

Marvel Studios' Echo ra máº¯t 10 thÃ¡ng 1 trÃªn Disney+ vÃ  cÃ¡c há»‡ thá»‘ng chiáº¿u phim khÃ´ng chÃ­nh thá»©c cá»§a ngÆ°á»i Viá»‡t"
726103789560959,2023-11-03 23:15:54,"Poster má»›i cá»§a Tv series ECHO
Phim sáº½ ra máº¯t thÃ¡ng 1 nÄƒm 2024 trÃªn D+, Hulu vÃ  cÃ¡c trang phim yÃªu nÆ°á»›c cá»§a ngÆ°á»i Viá»‡t"
725997639571574,2023-11-03 21:13:55,"The Marvels Ä‘Ã£ báº¯t Ä‘áº§u má»Ÿ bÃ¡n vÃ© trÃªn toÃ n quá»‘c, ra ráº¡p ngay hÃ´m nay Ä‘á»ƒ gáº·p HoÃ ng Tá»­ Yan bÃ¡n láº©u á»Ÿ phá»‘ Itaewon nÃ o cÃ¡c báº¡n Æ¡i.

The Marvels báº¯t Ä‘áº§u chiáº¿u tá»« 9/11 táº¡i cÃ¡c ráº¡p trÃªn toÃ n quá»‘c"
725918066246198,2023-11-03 19:02:43,NhÃ¢n váº­t gÃ¡nh team vÃ  chá»§ Ä‘á» chÃ­nh cá»§a season 2:
725745742930097,2023-11-03 12:17:18,"Loki season 2 táº­p 5: Science-Fiction.
Xem xong ad tháº¥y táº­p nÃ y cÃ²n cÃ³ thá»ƒ Ä‘áº·t tÃªn lÃ  Selfish (Ãch ká»·) ná»¯a. ChÃ­nh sá»± Ã­ch ká»· cá»§a Loki cÃ³ láº½ sáº½ giÃºp cá»©u láº¥y má»i thá»©.
Má»™t táº­p hay Ä‘áº§y cáº£m xÃºc vui buá»“n vÃ  sá»£ hÃ£i,Xem thÃªm khiáº¿n ngÆ°á»i xem (Ã­t nháº¥t lÃ  ad) cáº£m tháº¥y tá»™i cho má»™t sá»‘ nhÃ¢n váº­t ghÃª luÃ´n ğŸ˜”.
TÃ´ng Infinity War máº¡nh vc :v, nháº¥t lÃ  cáº£nh quay táº¡i chá»— Ä‘Ã³ nghá»‡ vÃ  trippy pháº¿t ğŸ« ğŸ˜µâ€ğŸ’«.

1 ad khÃ¡c nháº£y vÃ o bá»• sung .
Tá»« lÃºc nhÃ  M báº¯t Ä‘áº§u lÃ m TV Series trÃªn Disney+ tá»›i giá» thÃ¬ táº­p nÃ y cháº¯c cháº¯n lÃ  1 trong top 6 táº­p hay nháº¥t , Ä‘á»©ng ngang hÃ ng vá»›i nhá»¯ng táº­p nhÆ° Táº­p cuá»‘i ss 1 Loki, What If Táº­p 4 vÃ  táº­p Cuá»‘i ss 1 ...

Phim nÃ y mÃ  chiáº¿u ráº¡p thÃ¬ Ä‘oáº¡n káº¿t táº­p 5 loki ss2 nÃ y cháº¯c hÃ©t cáº£ ráº¡p :))"
725719409599397,2023-11-03 10:57:07,KhÃ´ng biáº¿t cá»¥ X mÃ  quay láº¡i MCU má»™t láº§n ná»¯a thÃ¬ nhÆ° tháº¿ nÃ o nhá»‰?
725502589621079,2023-11-02 23:52:57,"Há»™p Ä‘á»±ng bá»ng ngÃ´ khi Ä‘i xem The Marvels á»Ÿ cá»¥m ráº¡p nÃ o Ä‘Ã³ bÃªn trá»i tÃ¢y, biáº¿t lÃ  hÃºt mÃ¡u mÃ  máº¥y em mÃ¨o nÃ y xá»©ng Ä‘Ã¡ng hÃºt tháº­t sá»±"
725460926291912,2023-11-02 22:16:39,"Doom is coming...
DÃ¹ lÃ  Kang hay Doctor Doom thÃ¬ cáº£ vÅ© trá»¥ Ä‘á»u pháº£i khá»‘n Ä‘á»‘nğŸ˜ˆ.
Fanart by BossLogic"
725193119652026,2023-11-02 12:00:05,"Hoa háº­u thÃ¬ Ä‘áº¹p Ä‘Ã³ nhÆ°ng Ã¡nh máº¯t tÃ´i Ä‘á»• dá»“n háº¿t cho HoÃ ng ThÆ°á»£ng phÃ­a dÆ°á»›i ğŸ±
HÃ´m qua cÃ²n tháº¥y bÃ  ThÃ¹y TIÃªn hÃ³a thÃ¢n thÃ nh Spider-Elsa mÃ  hÃ´m nay Ä‘Ã³ng nguyÃªn bá»™ Captain Marvel trÃ´ng chÃ¡y tháº­t Ä‘Ã³ ğŸ”¥ğŸ”¥ğŸ”¥

Má»i ngÆ°á»i nhá»› mua vÃ© The Marvels ra ráº¡p tá»« 9.11 sáº¯p tá»›i táº¡i cÃ¡c ráº¡p trÃªn toÃ n quá»‘c nha, hy vá»ng cÃ³ nhiá»u suáº¥t chiáº¿u nhÆ° phim Viá»‡t"
725177002986971,2023-11-02 11:11:06,"Tá»« Ä‘Ãªm hÃ´m qua má»™t loáº¡t thÃ´ng tin Ä‘Æ°a tá»« cÃ¡c trang bÃ¡o vá» tÆ°Æ¡ng lai cá»§a MCU sáº½ cÃ³ sá»± thay Ä‘á»•i lá»›n, tuy nhiÃªn má»—i tin láº¡i Ä‘áº¿n tá»« má»™t nguá»“n khÃ¡c nhau vÃ  táº¥t cáº£ cÃ¡c nguá»“n trÃªn Ä‘á»u chÆ°a Ä‘Æ°á»£c xÃ¡c thá»±c nÃªn táº¡m thá»iXem thÃªm tá»•ng há»£p á»Ÿ Ä‘Ã¢y Ä‘á»ƒ má»i ngÆ°á»i nÄƒm 2027 quay láº¡i xem cÃ³ Ä‘Ãºng khÃ´ng nhÃ©.
1/ The Marvels sáº½ thay Ä‘á»•i cÃ¡i káº¿t Ä‘á»ƒ hÆ°á»›ng tÆ°á»›i má»™t bá»©c tranh rá»™ng hÆ¡n, káº¿t ná»‘i tá»« cÃ¡c vÅ© trá»¥ khÃ¡c nhau gá»“m cáº£ X-Men nhÆ° Ä‘á»“n Ä‘oÃ¡n trÆ°á»›c Ä‘Ã³.
2/ Marvel Ä‘ang má»i láº¡i 6 Avengers Ä‘áº§u tiÃªn Ä‘á»ƒ tham gia vÃ o dá»± Ã¡n Avengers: Secret Wars, CHÆ¯A cÃ³ diá»…n viÃªn nÃ o xÃ¡c nháº­n thÃ´ng tin há» sáº½ quay láº¡i, tuy nhiÃªn viá»‡c nÃ y fan cÅ©ng mong muá»‘n tá»« lÃ¢u vÃ¬ há» cÃ³ thá»ƒ lÃ  Ä‘Ã³ng vai cá»§a mÃ¬nh á»Ÿ má»™t vÅ© trá»¥ khÃ¡c.
3/ Marvel Ä‘ang tÃ­nh thay tháº¿ vai trÃ²â€¦ Xem thÃªm"
724951143009557,2023-11-02 01:05:41,"MÃ¹a 2 cá»§a Loki cÃ³ ráº¥t nhiá»u chi tiáº¿t vá» viá»‡c Timeloop, tá»« diá»…n biáº¿n cá»§a viá»‡c Loki tá»± thanh táº©y báº£n thÃ¢n, cÃ¡i tÃªn cá»§a OB, má»‘i liÃªn káº¿t giá»¯a Victor Timely vÃ  OB vÃ  cáº£ 2 cÃ¡i poster.
CÃ³ khi nÃ o táº¥t cáº£ nhá»¯ng gÃ¬ mÃ Xem thÃªm Loki Ä‘ang tráº£i qua lÃ  má»™t vÃ²ng time loop vÃ´ táº­n vá» viá»‡c sinh ra vÃ  tá»± há»§y cá»§a dÃ²ng thá»i gian cÅ©ng nhÆ° tá»• chá»©c TVA? Äiá»u nÃ y cÅ©ng Ã­t nhiá»u khÃ¡ giá»‘ng vá»›i truyá»n thuyáº¿t vá» Ragnarok cá»§a ngÆ°á»i Asgard vá» vÃ²ng trÃ²n cá»§a sá»‘ má»‡nh sinh ra rá»“i táº­n diá»‡t."
724718566366148,2023-11-01 16:56:45,"Máº¥y ngÃ y qua cháº¯c cÅ©ng nhiá»u báº¡n Ä‘Ã£ Ä‘á»c Ä‘Æ°á»£c thÃ´ng tin vá» viá»‡c Wanda Ä‘Æ°á»£c xÃ¡c nháº­n Ä‘Ã£ cháº¿t trong Doctor Strange MoM.
Theo thÃ´ng tin xÃ¡c nháº­n trong quyá»n sÃ¡ch Marvel Cinematic Universe official timeline xÃ¡cXem thÃªm nháº­n ná»¯ phÃ¹ thá»§y Ä‘Ã£ cháº¿t.
Tuy nhiÃªn, giá»‘ng nhÆ° nhiá»u nhÃ¢n váº­t khÃ¡c cÅ©ng Ä‘Æ°á»£c xÃ¡c nháº­n Ä‘Ã£ cháº¿t trong sÃ¡ch nhÆ° Vision, nhÆ°ng chÃºng ta Ä‘á»u hiá»ƒu anh sáº½ comeback dÆ°á»›i dáº¡ng Vision Tráº¯ng biá»ƒn chÃ­nh chá»§.
Váº­y nÃªn viá»‡c xÃ¡c nháº­n Wanda Ä‘Ã£ cháº¿t lÃ  bÃ¬nh thÆ°á»ng, quan trá»ng lÃ  cÃ´ cÃ³ Ä‘Æ°á»£c há»“i sinh hay khÃ´ng mÃ  thÃ´i. Trong truyá»‡n thÃ¬ Wanda cÅ©ng Ä‘Ã£ tá»«ng cháº¿t vÃ  Ä‘Æ°á»£c há»“i sinh nÃªn Ä‘iá»u nÃ y cÅ©ng khÃ´ng pháº£i thá»© gÃ¬ má»›i máº».
NgoÃ i ra thÃ¬ ngÆ°á»i hÃ¢m má»™ cÅ©ng khÃ³ cÃ³ thá»ƒ cháº¥p nháº­n viá»‡c cÃ´ sá»‘ng nhÆ° má»™t anh hÃ¹ng vÃ  cháº¿t nhÆ° má»™t pháº£n diá»‡n. Tháº¿ nÃªn cÃ¹ng chá» xem tÆ°Æ¡ng lai cá»§a Wanda táº¡i MCU sáº½ nhÆ° tháº¿ nÃ o."
724549959716342,2023-11-01 09:21:57,Dá»± Ä‘oÃ¡n cÃ¡ch thá»©c mÃ  Loki sáº½ dÃ¹ng vá»›i hy vá»ng sáº½ cá»©u Ä‘Æ°á»£c Ä‘a vÅ© trá»¥ trong cÃ¡c táº­p cuá»‘i cÃ¹ng:
724261803078491,2023-10-31 21:51:35,"Ae lÆ°u Ã½, chá»‰ cÃ²n vÃ i tiáº¿ng ná»¯a chÃºng ta sáº½ bÆ°á»›c vÃ o thÃ¡ng khÃ³ khÄƒn nháº¥t trong nÄƒm. HÃ£y sáºµn sÃ ng tinh tháº§n, ae chÃºng ta sáº½ vÆ°á»£t qua cÃ¹ng nhau Ä‘Æ°á»£c thÃ´i"
724257629745575,2023-10-31 21:41:39,"Há»™i hÃ¢m má»™ Marvel
31 thÃ¡ng 10 lÃºc 22:41 Â·
TÃ¹y chá»n khÃ¡c"
724210726416932,2023-10-31 20:14:14,"NhÃ¢n dá»‹p lá»… Halloween. HÃ£y cÃ¹ng nhÃ¬n ngáº¯m nhá»¯ng mÃ n cosplay Spider-Man cá»±c Ä‘á»‰nh cá»§a cÃ¡c báº¡n fan Marvel - thÃ nh viÃªn Há»™i hÃ¢m má»™ Marvel thá»±c hiá»‡n. ğŸ”¥ğŸ”¥ğŸ”¥
CÃ¡c báº¡n lÃªn Ä‘á»“ Ä‘áº¹p vÃ  xá»‹n xÃ² khÃ´ng thua kÃ©m gÃ¬ cÃ¡c coser nÆ°á»›c ngoÃ i luÃ´n. 10 Ä‘iá»ƒm khÃ´ng nhÆ°ng ğŸ˜˜"
724077266430278,2023-10-31 15:46:17,"Bom táº¥n cuá»‘i cÃ¹ng trong nÄƒm 2023 cá»§a nhÃ  Marvel Studio
x10 sá»± Ä‘áº¹p trai
#TheMarvels
___________________
The Marvels sáº½ khá»Ÿi chiáº¿u táº¡i cÃ¡c ráº¡p ngÃ y 10/11"
724000019771336,2023-10-31 11:45:00,"Happy Halloween ğŸ‘¿
Thá»© Ä‘Ã¡ng sá»£ hÆ¡n Ä‘ang chá» Ä‘á»£i ae vÃ o thÃ¡ng 11"
723971306440874,2023-10-31 10:14:34,"HÃ¬nh áº£nh bá»¯a cÆ¡m quen thuá»™c cá»§a cÃ¡c Ã´ng chá»“ng lÆ°Æ¡ng 5 triá»‡u, cÆ¡m trá»™n tiáº¿ng vá»£ chá»­i lofi cá»±c chill"
723729739798364,2023-10-30 23:07:01,"á»¦a sao cÃ¡i vÃ²ng bÃªn tay pháº£i thÃ¬ giá»‘ng máº¥y cÃ¡i kiá»ng nhÃ  Duy Máº¡nh, cÃ¡i vÃ²ng tay trÃ¡i thÃ¬ giá»‘ng Ä‘á»“ thá»«a káº¿ nhÃ  Kamala Khan nhá»‰?"
723619863142685,2023-10-30 20:14:58,"VÃ¬ admin báº­n cÆ°á»›i vá»£ nÃªn Offline The Marvels láº§n nÃ y anh em sang Hobby Horizon: Beyond chÆ¡i nhÃ© ğŸ˜…ğŸ˜…
Phim sáº½ cÃ³ 1 khu riÃªng táº¡i fest, vá»›i cÃ¡c hoáº¡t Ä‘á»™ng nhÆ° lÃ  cosplay, minigame. HÃ¬nh nhÆ° cÅ©ng lÃ  láº§n Ä‘áº§u 1 phimXem thÃªm MCU cÃ³ máº·t táº¡i 1 fest á»Ÿ Viá»‡t Nam.
CÃ²n Offline riÃªng cá»§a Há»™i há»©a sáº½ quay trá»Ÿ láº¡i trong nÄƒm sau, vá»›i Cap 4 rá»“i Deadpool 3. Cháº¯c cháº¯n khÃ´ng bÃ¹ng kÃ¨o, chá»‰ cáº§n phim khÃ´ng dá»i lá»‹ch ğŸ¥²ğŸ¥²

Hobby Horizon Convention
26 thÃ¡ng 10 lÃºc 19:02 Â·

ã€ğ‡ğğŸğğ„ã€ğ—ã€ğ“ğ‡ğ„ ğŒğ€ğ‘ğ•ğ„ğ‹ğ’ã€

ğŸï¸Phim The Marvels sáº½ Ä‘á»“ng hÃ nh cÃ¹ng Hobby Horizon: Beyond!

ğŸ“Táº¡i khu vá»±c Marvel trong khuÃ´n khá»• HO2BE sáº½ cÃ³ buá»•i triá»ƒn lÃ£m vá» phim cá»§a MCU vÃ  cÃ´ng bá»‘ sáº£n pháº©m má»›i nháº¥t Ä‘Ã³ lÃ  â€œThe Marvelsâ€!Xem thÃªm

ğŸ˜Äá»“ng thá»i sáº½ cÃ³ buá»•i cosplay meet up Ä‘áº·c biá»‡t dÃ nh cho há»™i hÃ¢m má»™ Marvel, hÃ£y cÃ¹ng Ä‘Ã³n chá» sá»›m nháº¥t nhÃ©!

=============================
ğ‡ğ¨ğ›ğ›ğ² ğ‡ğ¨ğ«ğ¢ğ³ğ¨ğ§: ğğğ²ğ¨ğ§ğ
ğŸ« ÄÄƒng kÃ­ vÃ© táº¡i Ä‘Ã¢y nhÃ©/Ticket: https://tickets.hobbyhorizon.vn/
â° Thá»i gian/Time: 4-5/11/2023
ğŸ›µ Äá»‹a Ä‘iá»ƒm/Location: Sky Expo, Quáº­n 12, TPHCM
#HO2Be #HobbyHorizon #HoHo #HobbyHorizonBeyond #TheMarvels #MCU"
723525009818837,2023-10-30 17:25:44,"THE MARVELS sáº½ cÃ³ suáº¥t chiáº¿u Ä‘áº·c biá»‡t ngÃ y 9/11/2023. CÃ¡c báº¡n hÃ£y sáºµn sÃ ng tinh tháº§n Ä‘á»ƒ Ä‘áº·t vÃ© ra ráº¡p xem phim thÃ´i âš¡ï¸âš¡ï¸âš¡ï¸

#TheMarvels"
723421533162518,2023-10-30 13:52:56,"KÃªnh Instagram chÃ­nh thá»©c cá»§a Loki hiá»‡n táº¡i Ä‘Ã£ bá»‹ xÃ³a sáº¡ch toÃ n bá»™ áº£nh vÃ  chá»‰ up má»™t clip duy nháº¥t cá»§a Ms.Minute nháº¯c má»i ngÆ°á»i chá» Ä‘á»£i.
CÃ³ váº» giá»‘ng nhÆ° viá»‡c cuá»‘i táº­p 4 Ä‘Ã£ cÃ³ má»™t pha xÃ³a báº£ng nháº¹ Ä‘áº¿n tá»« vá»‹ trÃ­ cá»§a TVA."
723348793169792,2023-10-30 10:01:15,Trong nhÃ³m báº¡n kiá»ƒu gÃ¬ cÅ©ng cÃ³ má»™t Ä‘á»©a nhÆ° tháº¿ nÃ y
723005129870825,2023-10-29 21:43:42,ChÃ­nh ra ngoÃ i Ms.Marvel vÃ  She-HULK thÃ¬ táº­p 4 nÃ o cÅ©ng cÃ³ cÃ¡i káº¿t Ä‘Ã¡ng bÃ n tÃ¡n ğŸ¤©ğŸ¤©ğŸ¤©
722861513218520,2023-10-29 17:01:39,"Äá»ƒ nháº­n lÃ  Game of the Year thÃ¬ khÃ´ng thá»ƒ, nhÆ°ng thá»© mÃ  loáº¡t game Spider-Man lÃ m Ä‘Æ°á»£c cho Ä‘áº¿n giá» lÃ  cá»±c tuyá»‡t, dÃ¹ qua 3 pháº§n nhÆ°ng váº«n luÃ´n giá»¯ Ä‘Æ°á»£c Ä‘iá»ƒm máº¡nh trong lá»‘i chÆ¡i vÃ  cá»‘t truyá»‡n, pháº§n sau lÃ m tá»‘t hÆ¡n pháº§n trÆ°á»›c.
Sá»± yÃªu thÃ­ch thÃ¬ cÃ³ rá»“i, chá»‰ cáº§n cá»© á»•n Ä‘á»‹nh nhÆ° tháº¿ nÃ y lÃ  fan cÃ³ cÃ¡i Ä‘á»ƒ phÃª rá»“i."
722751279896210,2023-10-29 11:43:33,"IT'S BRAVING TIME!
Quáº£ nÃ y xem sá»‘c thá»±c sá»± luÃ´n nhá»‰ cÃ¡c báº¡n ğŸ˜…. Cá»© nghÄ© sáº½ pháº£i Ã­t nháº¥t Ä‘i gáº§n Ä‘áº¿n Ä‘Ã­ch thÃ¬ má»›i gáº·p váº¥n Ä‘á» ai ngá» hÃ³a mÃ¬ sá»£i ngay táº¯p lá»±, quÃ¡ lÃ  Ä‘á»™t ngá»™t luÃ´n :v.
Xin lá»—i anh Timely vÃ¬ tÃ´i Ä‘Ã£ nÄƒm láº§n báº£y lÆ°á»£t nghi ngá» anh suá»‘t táº­p phim :)))))."
722669943237677,2023-10-29 07:50:55,Khi ngÆ°á»i yÃªu dá»—iğŸ˜’:
722456053259066,2023-10-28 22:19:23,"Sau khi sa tháº£i Ä‘á»™i ngÅ© ban Ä‘áº§u thÃ¬ Daredevil Born Again Ä‘Ã£ tÃ¬m Ä‘Æ°á»£c thuyá»n trÆ°á»Ÿng má»›i.
Theo THR thÃ¬ Dario Scardapane cÅ©ng lÃ  nhÃ  lÃ m phim cá»§a series The Punisher trÃªn Netflix Ä‘áº£m nhiá»‡m dá»± Ã¡n láº§n nÃ y.
Láº§n lÆ°á»£tXem thÃªm cÃ¡c Ä‘áº¡o diá»…n sáº½ lÃ  Justin Benson cÃ¹ng vá»›i Aaron Moorhead cÅ©ng lÃ  nhá»¯ng cÃ¡i tÃªn quen thuá»™c vá»›i Marvel Studios khi tá»«ng chá»‰ Ä‘áº¡o cho MoonKnight vÃ  Loki.
Äá»™i ngÅ© cÅ© bá»‹ Ä‘uá»•i vÃ¬ khÃ´ng thá»ƒ hiá»‡n Ä‘Æ°á»£c Ä‘Ãºng tinh tháº§n cÅ©ng nhÆ° Ä‘á»‹nh hÆ°á»›ng cá»§a Marvel Studios muá»‘n cÃ³ á»Ÿ siÃªu anh hÃ¹ng Daredevil, Ä‘á»™i ngÅ© má»›i cÃ³ nghiá»‡m vá»¥ pháº£i mang láº¡i cáº£m giÃ¡c giá»‘ng nhÆ° Daredevil trÆ°á»›c Ä‘Ã¢y khi cÃ²n á»Ÿ trÃªn Netflix."
722395006598504,2023-10-28 20:10:03,"Ba phiÃªn báº£n cá»§a Kang do Jonathan Majors thá»ƒ hiá»‡n mang tá»›i 3 cáº£m giÃ¡c hoÃ n toÃ n khÃ¡c nhau.
Má»™t káº» cÃ³ gÃ¬ Ä‘Ã³ ma giÃ¡o, má»‡t má»i vá»›i cuá»™c Ä‘á»i vÃ  luÃ´n Ä‘i má»™t bÆ°á»›c trÆ°á»›c nhá»¯ng káº» khÃ¡c cáº£m giÃ¡c khÃ³ Ä‘oÃ¡n vÃ  hÆ¡i Ä‘Ã¡ng sá»£.Xem thÃªm
Má»™t káº» thÃ¬ luÃ´n háº­n thÃ¹, vá»›i háº¯n luÃ´n luÃ´n cÃ²n nhá»¯ng thá»© khÃ¡c Ä‘á»ƒ chinh phá»¥c vÃ  Ä‘Ã n Ã¡p cáº£m giÃ¡c nguy hiá»ƒm.
Má»™t káº» thÃ¬ má»›i bÆ°á»›c vÃ o cuá»™c Ä‘á»i, nhiá»u thá»© má»›i láº¡ vÃ  luÃ´n muá»‘n tÃ¬m tÃ²i khÃ¡m phÃ¡ cáº£m giÃ¡c khÃ³ hiá»ƒu nhÆ°ng an toÃ n."
722308223273849,2023-10-28 16:28:27,"Hai anh em, cÃ¹ng náº¿m má»™t kiá»ƒu tháº¥t báº¡i vÃ  báº¥t lá»±c trÆ°á»›c nÃ³ğŸ˜”"
722220333282638,2023-10-28 12:06:42,"BiÃªn ká»‹ch cá»§a series bÃ y tá» cáº£m kÃ­ch trÆ°á»›c nhá»¯ng lá»i khen dÃ nh cho táº­p 4 cá»§a Loki.
Tuy nhiÃªn Ã´ng cÅ©ng cho biáº¿t nhá»¯ng táº­p hay nháº¥t cá»§a series sáº½ lÃ  táº­p 5 vÃ  6 cÆ¡ nÃªn ngÆ°á»i hÃ¢m má»™ hÃ£y sáºµn sÃ ng cho Ä‘oáº¡n káº¿t sáº¯p tá»›i ğŸ¤©ğŸ¤©ğŸ¤©
MÃ  táº­p 4 cÃ³ quáº£ káº¿t hÃ¡ há»‘c má»“m tháº­t ğŸ˜¨ğŸ˜¨ğŸ˜¨"
722182343286437,2023-10-28 10:14:32,"CÃ³ anh em nÃ o giá»‘ng tÃ´i khÃ´ng?
Láº¥y Ä‘Æ°á»£c suit Venom rá»“i thÃ¬ Ä‘i chá»¥p choáº¹t suá»‘t ngÃ y Ä‘á»ƒ lÃ m hÃ¬nh ná»n chá»© mÃ©o thÃ¨m Ä‘i báº¯t cÆ°á»›p cá»©u ngÆ°á»i ná»¯a :v"
721879149983423,2023-10-27 22:22:23,"KhÃ´ng hiá»ƒu sao há»“i xÆ°a cÃ¡c bÃ¡c cho tráº» em xem máº¥y quáº£ phim bÃ¡nh cuá»‘n nhÆ° tháº¿ tá»« Spider-Man, Fantastic Four, X-Men, Transformers,..."
721815399989798,2023-10-27 20:04:20,Loki S2 táº­p 4 nÃ³ kiá»ƒu:
721737353330936,2023-10-27 16:46:31,"HÃ´m bá»¯a ra sÃ¢n bay chá»¥p Ä‘Æ°á»£c hÃ¬nh vá»›i Ryan Reynolds, Ã´ng anh lÃ  sao Hollywood mÃ  giáº£n dá»‹ láº¯m ai xin cÅ©ng cho chá»¥p cÃ¹ng, láº¡i cÃ²n ngá»“i phÃ²ng chá» cÃ¹ng háº¡n gháº¿ Eco ná»¯a chá»© ğŸ¥²ğŸ¥²ğŸ¥²

Video: shaunbirley"
721618840009454,2023-10-27 11:25:27,"Táº­p 4: ""TrÃ¡i Tim cá»§a TVA"" Ä‘Ã£ lÃªn sÃ³ng trÃªn D+.
Ã”i máº¹ Æ¡i káº¿t táº­p nÃ y WTF cá»±c ká»³ ná»• nÃ£o literallyğŸ¤¯ğŸ¤¯ğŸ¤¯. TÃ´i vÃ  cÃ¡c báº¡n khÃ´ng há» sáºµn sÃ ng cho táº­p nÃ y Ä‘Ã¢u.ğŸ˜µğŸ˜µâ€ğŸ’«ğŸ˜¨ğŸ˜±ğŸ˜³ğŸ¥º
Season nÃ y Ä‘ang cÃ³ káº¿ hoáº¡ch gÃ¬ váº­y? Wow.ğŸ« "
721258360045502,2023-10-26 20:57:22,"NÃ³i chÃºt vá» Loki - everywhere everything all at once

ÄÃ£ gáº§n Ä‘Æ°á»£c 1 ná»­a hÃ nh trÃ¬nh cá»§a series Loki season 2 nhÆ°ng cÃ³ thá»ƒ nÃ³i lÃ  ngÆ°á»i xem hoÃ n toÃ n chÆ°a biáº¿t Ä‘Æ°á»£c Ä‘iá»u gÃ¬ Ä‘ang chá» Ä‘á»£i á»Ÿ phÃ­a trÆ°á»›c, tiáº¿p ná»‘i vÃ oXem thÃªm máº¡ch phim cá»§a mÃ¹a Ä‘áº§u tiÃªn vá»›i quÃ¡ nhiá»u thÃ´ng tin khiáº¿n cho ngÆ°á»i xem báº¯t Ä‘áº§u bá»‹ Ä‘Ã¡nh láº¡c hÆ°á»›ng vÃ o hÃ nh trÃ¬nh truy lÃ¹ng vÃ  cá»©u láº¥y dÃ²ng thá»i gian cá»§a Loki mÃ  khÃ´ng Ä‘á»ƒ Ã½ ráº±ng táº¥t cáº£ má»i chuyá»‡n vá»‘n váº«n Ä‘á»u náº±m trong dá»± Ä‘á»‹nh cá»§a He Who Remains.
Loki, Sylvie, Ms.Minutes hay TVA táº¥t cáº£ chá»‰ Ä‘á»u hÃ nh Ä‘á»™ng theo báº£n nÄƒng cá»§a há» mÃ  khÃ´ng cÃ³ báº¥t kÃ¬ khoáº£n thá»i gian nÃ o Ä‘á»ƒ dá»«ng láº¡i suy nghÄ© ráº±ng quyáº¿t Ä‘á»‹nh cá»§a mÃ¬nh cÃ³ chÃ­nh xÃ¡c hay khÃ´ng. Má»i thá»© khi nÃ y Ä‘á»u dá»“n vÃ o Victor Timely, má»™t biáº¿n thá»ƒâ€¦ Xem thÃªm"
721026916735313,2023-10-26 12:48:47,Tin Ä‘á»“n lÃ  Marvel vá»«a bá»• sung thÃªm má»™t chi tiáº¿t báº¥t ngá» vÃ o The Marvels Ä‘á»ƒ lÃ m Ä‘Ã²n báº©y cho cÃ¡c dá»± Ã¡n trong tÆ°Æ¡ng lai. CÃ³ thá»ƒ lÃ  á»Ÿ after credit hoáº·c mid credit
720708723433799,2023-10-25 22:59:08,Táº­n cÃ¹ng thá»i gian rá»“i cÃ²n gÃ¬ ná»¯a. Ã”ng cá»© vÄƒn vá»›i tÃ´i ğŸ¤¡ğŸ¤¡
720457993458872,2023-10-25 14:14:53,"Máº¥y Ä‘á»©a â€œcá»© ngá»“i im, tÃ¬nh yÃªu sáº½ tá»›iâ€:"
720087213495950,2023-10-24 22:32:43,"TÃ´i khÃ´ng nháº­n ra MCU náº¿u chá»‰ cáº¯t cáº£nh thÃ¬ cÅ©ng nhiá»u Ä‘oáº¡n kinh dá»‹ ra pháº¿t, trÃ´ng nhÆ° vÅ© trá»¥ kinh dá»‹ váº­y"
719821840189154,2023-10-24 12:48:56,"CÃ¡ nhÃ¢n mÃ¬nh cá»±c kÃ¬ thÃ­ch nhá»¯ng pháº§n cáº£nh bay lÆ°á»£n hoáº·c chiáº¿n Ä‘áº¥u tá»‘c Ä‘á»™ cao cá»§a cÃ¡c siÃªu anh hÃ¹ng, nÃ³ táº¡o cáº£m giÃ¡c thu hÃºt táº§m nhÃ¬n cá»±c kÃ¬, há»“i xÆ°a thÃ¬ thÃ­ch Ä‘oáº¡n ""Flame On"" cá»§a Johny Storm trong F4, sau nÃ y thÃ¬ mÃª máº¥y cáº£nh bay lÆ°á»£n phÃ¡ tÃ u Ä‘á»‹ch cá»§a Captain Marvel"
719491253555546,2023-10-23 23:29:18,"Má»™t nhÃ³m Avengers khÃ¡c á»Ÿ má»™t vÅ© trá»¥ xa xa, tháº­t xa chuáº©n bá»‹ Ä‘Æ°á»£c tá»¥ há»p, CÃ¹ng Ä‘Ã³n chá» mÃ n Avengers Assemble khÃ´ng giá»‘ng ai cÃ¹ng vá»›i LEGO Marvel Avengers: Code Red."
719445080226830,2023-10-23 21:51:28,"2 chÃº Nhá»‡n Ä‘Ã£ Ä‘Ã¡nh báº¡i anh trá»c Kratos vÃ  boy (GOW Ragnarok) Ä‘á»ƒ trá»Ÿ thÃ nh game Playstation bÃ¡n cháº¡y nháº¥t má»i thá»i Ä‘áº¡i trong vÃ²ng 24 giá» má»Ÿ bÃ¡n ğŸ˜

NÄƒm sau (hoáº·c sau ná»¯a) sang quáº£ Marvel's Wolverine ná»¯a thÃ¬ sÆ°á»›ng...."
719355796902425,2023-10-23 18:59:02,"Chá»› dáº¡i mÃ  ""cá»™ng sá»±-zone"" anh Kang ğŸ¤­ğŸ¤ª
Miss Minutes khoÃ¡i chÃ­ ra máº·t :)))"
719311830240155,2023-10-23 17:18:28,"Náº¿u hÃ´m Ä‘Ã³ lÃ  anh máº·c quáº§n nÃ¢u lÃ  Ä‘á»¡ hÆ¡n rá»“i, tá»± nhiÃªn láº¡i chÆ¡i mÃ u tráº¯ng lÃ m gÃ¬ khÃ´ng biáº¿t ğŸ¥²"
719308623573809,2023-10-23 17:11:22,Äang ngá»“i Ä‘áº¥u dÃ¢y máº¡ng mÃ  lá»¡ ghiá»n Marvel quÃ¡ thÃ¬ lÃ m gÃ¬?
719178106920194,2023-10-23 11:32:02,Äá»«ng mÃª máº¥y nhÃ¢n váº­t 2D kh cÃ³ tháº­t ná»¯a
719132703591401,2023-10-23 09:29:16,Má»›i m.u.a Ä‘Æ°á»£c Ä‘Ä©a game chÃ­nh hÃ£ng mÃ  giÃ¡ láº¡i má»m ná»¯a ae áº¡. Game hay thá»±c sá»± luÃ´n
718587996979205,2023-10-22 12:04:26,"Show Loki season 2 Ä‘Ã£ Ä‘i Ä‘Æ°á»£c ná»­a Ä‘Æ°á»ng trong tá»•ng cá»™ng 6 táº­p rá»“i. CÃ¡c báº¡n tháº¥y táº­p 3 tháº¿ nÃ o?
Ad ráº¥t thÃ­ch bá»™ Ä‘Ã´i nÄƒng Ä‘á»™ng Lo-Mo, tÆ°Æ¡ng tÃ¡c ráº¥t hÃ i giá»¯a há» :)))). Äá»ƒ xem cáº£ hai vÃ  TVA sáº½ giáº£i cá»©u Ä‘a vÅ© trá»¥ nhÆ° tháº¿ nÃ o hay lÃ  há» chá»‰ lÃ  nhá»¯ng quÃ¢n cá» Ä‘i theo nhá»¯ng bÆ°á»›c Ä‘Ã£ sáº¯p Ä‘áº·t cá»§a Hi Hu RÃ¬ MÃªn?"
718195780351760,2023-10-21 19:29:22,"Má»™t con muá»‘n háº¥p cáº£ tháº¿ giá»›i vÃ  má»™t con chá»‰ muá»‘n háº¥p báº¡nğŸ¤–. Sá»£ con nÃ o hÆ¡n?ğŸ«£
áº¢nh: New Rockstar"
718119600359378,2023-10-21 15:59:19,"Captain America: Brave New World thÃ´ng bÃ¡o lá»‹ch chiáº¿u má»i vÃ  sáº½ ra máº¯t vÃ o thÃ¡ng 5 nÄƒm 2024 Ä‘á»ƒ thay vÃ o slot cá»§a Deadpool.
VÃ¬ quÃ¡ trÃ¬nh quay Deadpool bá»‹ delay do cuá»™c Ä‘Ã¬nh cÃ´ng vÃ  váº«n chÆ°a thá»ƒ quay tiáº¿p nÃªn sáº½ chuyá»ƒn xuá»‘ng cuá»‘i nÄƒm, Æ°u tiÃªn nhá»¯ng phim Ä‘Ã£ quay xong nhÆ° Captain America Ä‘Æ°á»£c chiáº¿u trÆ°á»›c."
718088350362503,2023-10-21 14:26:47,"Thá»i Ä‘áº¡i nÃ y 1m2 cÃ³ 5 tháº±ng Wibu, He who Remains cÅ©ng khÃ´ng pháº£i ngoáº¡i lá»‡"
718008037037201,2023-10-21 10:40:58,Äoáº¡n tháº¥y con Ä‘á»“ng há»“ Ä‘á» máº·t lÃªn lÃ  tháº¥y cÃ³ Ä‘iá»m rá»“iğŸ˜³ğŸ™„
717678723736799,2023-10-20 20:51:54,"""CÃ³ cao tháº¿ Ä‘Ã¢u."""
717610430410295,2023-10-20 18:06:40,"Loki season 2 táº­p 3 be like :)))
Xem xong cáº£m giÃ¡c cÃ³ váº» má»i chuyá»‡n váº«n nhÆ° He Who Remains sáº¯p Ä‘áº·tğŸ¤”"
717455390425799,2023-10-20 11:44:22,"Táº­p 3 Loki season 2 Ä‘Ã£ vá» trÃªn Disney+.
CÃ¡c tÃªn miá»n khÃ¡c cá»§a VN thÃ¬ cháº¯c chiá»u má»›i cÃ³ğŸ§."
716971130474225,2023-10-19 17:53:30,"Äáº¡o diá»…n Thanos lÃ m Äƒn chÃ¨n Ã©p ngÆ°á»i TrÃ¡i Äáº¥t quÃ¡ğŸ˜”
â›°ï¸ğŸğŸâ¬‡ï¸ğŸ§ğŸ§ğŸ§ğŸ§ğŸ˜ŒğŸ˜ŒğŸ˜Œ"
716792367158768,2023-10-19 10:14:43,"Trong tá»±a game Spider-Man 2 do trong vÅ© trá»¥ game nÃ y luÃ´n tá»“n táº¡i 2 phiÃªn báº£n cá»§a Peter vÃ  Miles cÃ¹ng hÃ nh hiá»‡p, nÃªn náº¿u khi Ä‘i Ä‘Æ°á»ng mÃ  báº¡n vÃ´ tÃ¬nh gáº·p Spider-Man cÃ²n láº¡i thÃ¬ cáº£ 2 sáº½ lÃ m hÃ nh Ä‘á»™ng nÃ y ğŸ¤£ğŸ¤£ğŸ¤£"
716322160539122,2023-10-18 18:02:16,Æ  láº¡i thay cast Ã  :v
716243487213656,2023-10-18 16:15:04,"Sá»± kiá»‡n quáº£ng bÃ¡ cho series LOKI cá»§a Marvel táº¡i London (Anh). KhÃ¡ch má»i khi tham gia sá»± kiá»‡n sáº½ Ä‘Æ°á»£c tham quan tráº£i nhiá»‡m cÃ¡c khung cáº£nh cá»§a trá»¥ sá»Ÿ TVA

__________________________
Cáº£m Æ¡n clip cá»§a báº¡n Nguyá»…n DÅ©ng - thÃ nh viÃªn Há»™i hÃ¢m má»™ Marvel group"
716200983884573,2023-10-18 14:45:05,"Tá»· phÃº Tony Stark ráº¥t bá»±c tá»©c vá» viá»‡c bá»™ phim tÃ¢m huyáº¿t cÃ³ tÃªn Äáº¥t rá»«ng Wakanda do chÃ­nh mÃ¬nh sáº£n xuáº¥t gáº·p ráº¥t nhiá»u Ã½ kiáº¿n trÃ¡i chiá»u trÃªn máº¡ng xÃ£ há»™i

Tá»· phÃº tháº³ng thá»«ng tuyÃªn bá»‘ trÃªn máº¡ng xÃ£ há»™i: ""Tin tÃ´i,Xem thÃªm khÃ´ng uá»•ng tiá»n vÃ© Ä‘Ã¢u. Náº¿u mÃ  ai nÃ³i vá»›i tÃ´i lÃ  Ä‘i xem phim nÃ y uá»•ng tiá»n quÃ¡ thÃ¬ nháº¯n tin cho tÃ´i, tÃ´i tráº£ tiá»n láº¡i gáº¥p Ä‘Ã´i, Ä‘Æ°á»£c chÆ°a?"""
716143653890306,2023-10-18 12:13:34,"Marvel Studios: ""ChÃºng tÃ´i khÃ´ng ngá» Ant Man & The Wasp - LÆ°á»£ng Tá»­ Giá»›i bá»‹ chá»‰ trÃ­ch.""
Kevin Feige vÃ  cÃ¡c cÃ¡n bá»™ Marvel Studios nÃ³i khÃ´ng lÆ°á»ng trÆ°á»›c Ant Man 3 bá»‹ pháº£n á»©ng, cho ráº±ng má»™t bá»™ pháº­n khÃ¡n giáº£ hiá»ƒuXem thÃªm nháº§m thÃ´ng Ä‘iá»‡p phim.
TÃ¡c pháº©m Ä‘Ã£ gÃ¢y tranh cÃ£i vá» ná»™i dung, tÃ¬nh tiáº¿t bá»‹ cho lÃ  sai lá»‡ch vá»›i comic, ""nÃ¢ng táº§m vai trÃ²"" Ä‘á»‘i vá»›i má»™t sá»‘ há»™i nhÃ³m khÃ¡ng Kang trong lÆ°á»£ng tá»­ giá»›i.
áº¢nh: Game Rant.
â›°ï¸ğŸğŸâ¬‡ï¸ğŸ§ğŸ§ğŸ§ğŸ§ğŸ§ğŸ§"
716103277227677,2023-10-18 10:29:14,Nhá»¯ng phÃ¢n cáº£nh tuyá»‡t vá»i nháº¥t tá»« trÆ°á»›c tá»›i nay cá»§a MCU
716056920565646,2023-10-18 08:32:09,"Nhá»¯ng ""má»¥ phÃ¹ thá»§y"" Ä‘Æ°á»£c yÃªu thÃ­ch nháº¥t MCUğŸ˜œ.
Pic by MCU Portal."
715828023921869,2023-10-17 23:14:47,"For Tony â¤ï¸

DÃ nh cho Tony â¤ï¸"
715656477272357,2023-10-17 17:21:51,PhÃ³ chá»§ tá»‹ch cÃ¹ng cÃ´ thÆ° kÃ½ may máº¯n ğŸ˜
715286767309328,2023-10-17 00:35:12,"Theo dÃ²ng thá»i gian cá»§a MCU thÃ¬ ngÃ y hÃ´m nay cÅ©ng lÃ  ngÃ y cÃ¡c sá»± kiá»‡n cá»§a Avengers: Endgame diá»…n ra, team Avengers quay trá»Ÿ vá» quÃ¡ khá»©, má»™t ná»­a vÅ© trá»¥ há»“i sinh, Avengers Assemble láº§n Ä‘áº§u Ä‘Æ°á»£c hÃ´ vÃ  theo ghi chÃºXem thÃªm thÃ¬ Ä‘Ã¢y cÅ©ng lÃ  ngÃ y máº¥t cá»§a Tony Stark vÃ  Natasha.
Äá»“ng thá»i theo giá» Má»¹ thÃ¬ hÃ´m nay cÅ©ng lÃ  ngÃ y ká»‰ niá»‡m 100 nÄƒm thÃ nh láº­p The Walt Disney Company."
715240120647326,2023-10-16 22:57:54,"Nháº±m giÃºp cÃ¡c há»c sinh cÃ³ tinh tháº§n thá»ƒ dá»¥c thá»ƒ thao vÃ  yÃªu nÆ°á»›c hÆ¡n, trÆ°á»ng Midtown cá»§a Peter Parker sáº½ cho cÃ¡c há»c sinh tráº£i nghiá»‡m giao lÆ°u cÃ¡c khÃ³a há»c vá» gym vá»›i Captain America trÃªn tiviğŸ˜Š.
Äá»ƒ trang tráº£i chi phÃ­ báº£n quyá»n cá»§a cÃ¡c video, nhÃ  trÆ°á»ng cÃ³ thu phÃ­ cÃ¡c báº¡n há»c sinh 15$ğŸ’µ."
715218190649519,2023-10-16 22:13:14,"Äiá»ƒm chÃ¡y tháº¿ nÃ y thÃ¬ auto mÃ  quáº¥t thÃ´i ğŸ˜‚

COGconnected - 10/10
GamesRadar+ - 10/10
PlayStation Universe - 10/10
Screen Rant - 10/10
VGC - 10/10
Twinfinite - 10/10
WellPlayed - 10/10
GGRecon - 10/10Xem thÃªm
Het Nieuwsblad - 10/10
IGN Adria - 10/10
The Loadout - 10/10
VideoGamer - 10/10
GameSpew - 10/10
God is a Geek - 9.5/10
Variety - 9.5/10
Comicbook - 9/10
Destructoid - 9/10
TheSixthAxis - 9/10
Wccftech - 8.5/10
IGN - 8/10
Gamespot - 8/10
Metacritic - 91
OpenCritic - 91

Game of the Year (trong lÃ²ng fan hÃ¢m má»™)

Game hiá»‡n cÃ³ thá»ƒ chÆ¡i Ä‘Æ°á»£c trÃªn há»‡ mÃ¡y PS5 vÃ  Youtube"
714998230671515,2023-10-16 13:35:13,8 lÃ½ do to bá»± Ä‘á»ƒ ra ráº¡p xem The Marvels ğŸ¥°ğŸ¥°ğŸ¥°
714943087343696,2023-10-16 11:16:21,"""Cho nhá»¯ng ai hay chÃª lÃ  Christine lÃ m pháº«u thuáº­t khÃ´ng giá»i, khÃ´ng bÃ¡m sÃ¡t hÆ°á»›ng dáº«n cá»§a Strange, ráº±ng cÃ¡c báº¡n cÃ³ Ä‘á»ƒ Ã½ chÃ­nh bÃ¡c sÄ© Strange, cÅ©ng tham gia vÃ o quÃ¡ trÃ¬nh cá»§a toÃ n bá»™ cuá»™c tiá»ƒu pháº«u nÃ y. Náº¿u báº¡nXem thÃªm chÃª, thÃ¬ cÅ©ng giá»‘ng nhÆ° cÃ¡c báº¡n chÃª tÆ° duy dáº¡y pháº«u thuáº­t nhÆ° máº¥y cÃ¡i meme trÃªn máº¡ng, khi chÃ­nh Strange cÃ²n khÃ´ng cÃ³ Ã½ kiáº¿n thÃ¬ cÃ¡c báº¡n Ä‘Ã£ Ã½ kiáº¿n há»™"" ğŸ¤¡ğŸ§"
714902337347771,2023-10-16 09:23:46,"Trailer má»›i cá»§a tá»±a game Spider-Man 2. ChÃºng ta Ä‘Æ°á»£c tiáº¿t lá»™ thÃªm má»™t pháº£n diá»‡n ná»¯a sáº½ gÃ³p máº·t
Game chÃ­nh thá»©c ra máº¯t trong tuáº§n sau trÃªn 2 há»‡ mÃ¡y PS5 vÃ  YouTube Premium"
714692590702079,2023-10-16 00:56:07,TÃ´i chá» phim nÃ y lÃ¢u láº¯m rá»“i Ä‘Ã³ ğŸ¥°ğŸ¥°ğŸ¥°ğŸ¥°
714641727373832,2023-10-15 23:31:37,"Æ  kÃ¬a, phÃ³ chá»§ tá»‹ch Ä‘áº¥y áº¡ ?"
714468010724537,2023-10-15 18:55:48,"""Alien Há»™i"" tá»›i tiáº¿p cá»©u ngÆ°á»i dÃ¢n Asgard khá»i sá»± cai trá»‹ Ä‘Ã n Ã¡p cá»§a Hela.â›°ï¸ğŸâ¬‡ï¸"
714353894069282,2023-10-15 14:55:18,"CÃ³ thá»ƒ báº¡n cÅ©ng biáº¿t cá»‘ nhÃ  vÄƒn Stan Lee hoÃ n toÃ n khÃ´ng tham gia vÃ o quÃ¡ trÃ¬nh sáº£n xuáº¥t cÃ¡c phim cá»§a MCU. Viá»‡c Ã´ng lÃ m lÃ  theo dÃµi quÃ¡ trÃ¬nh phÃ¡t triá»ƒn vÃ  cameo vÃ o nhá»¯ng phim Ä‘Ã³, theo sá»Ÿ thÃ­ch cá»§a riÃªng Ã´ngXem thÃªm vÃ  Ä‘Ã³ cÅ©ng lÃ  cÃ¡ch mÃ  Ã´ng quan tÃ¢m tá»›i nhá»¯ng Ä‘á»©a con cá»§a mÃ¬nh.
Stan Lee hoÃ n toÃ n tin tÆ°á»Ÿng vÃ o nhá»¯ng gÃ¬ mÃ  Kevin Feige vÃ  Ä‘á»™i ngÅ© cá»§a Marvel Studios xÃ¢y dá»±ng vÅ© trá»¥ Ä‘iá»‡n áº£nh, dÃ¹ hÆ°á»›ng phÃ¡t triá»ƒn cÃ³ thá»ƒ khÃ¡c vá»›i báº£n trong truyá»‡n tranh."
714260364078635,2023-10-15 11:12:03,"Trong Loki táº­p 2 báº¡n cÃ³ thá»ƒ tháº¥y poster phim cá»§a Kingo táº¡i ráº¡p chiáº¿u phim, cÃ³ thá»ƒ tháº¥y Ä‘iá»‡n áº£nh Bollywood vÆ°Æ¡n táº§m quá»‘c táº¿ tá»« ráº¥t sá»›m trong vÅ© trá»¥ MCU"
713773904127281,2023-10-14 18:35:49,"Ã”ng Mobius cá»© tÆ°á»Ÿng mÃ¬nh ngon, nghÄ© ráº±ng LÃ´ dá»… máº¥t kiá»ƒm soÃ¡t hÆ¡n mÃ¬nh :v. Cuá»‘i cÃ¹ng LÃ´ pháº£i Ä‘i dá»— ngÆ°á»£c láº¡i :)))))"
713544657483539,2023-10-14 09:12:50,Chá»‹ mÃ¬nh bao ngÃ u â˜˜ï¸ğŸ’š
713283124176359,2023-10-13 23:12:45,"â€œNgÆ°á»i SÃ³iâ€ phiÃªn báº£n cÃ³ mÃ u chuáº©n bá»‹ ra máº¯t trÃªn ná»n táº£ng D+
Phim lÃ  1 hÆ°á»›ng Ä‘i má»›i máº» vÃ  Ä‘á»™c Ä‘Ã¡o cá»§a Marvel cho cÃ¡c dá»± Ã¡n quy mÃ´ nhá»"
713250514179620,2023-10-13 22:11:40,ThÃ¬ ra lÃ  tá»™c nhÃ¢n tá»™c Nara cá»§a LÃ ng LÃ¡
713213817516623,2023-10-13 20:59:21,Má»‘i quan há»‡ fukk táº¡p :v
712945684210103,2023-10-13 11:15:50,"Tá»±a Ä‘á» táº­p 2 Loki: Breaking BradğŸ¥¸
Loki vÃ  nhá»¯ng ngÆ°á»i báº¡n tiáº¿p tá»¥c cháº¡y Ä‘ua vá»›i thá»i gian Ä‘á»ƒ ngÄƒn cháº·n sá»± sá»¥p Ä‘á»• cá»§a má»i thá»© vÃ  Ä‘á»“ng thá»i muá»‘n tÃ¬m hiá»ƒu nhá»¯ng chuyá»‡n háº§m bÃ  láº±ng gÃ¬ Ä‘ang diá»…n ra. VÃ  nhá»¯ng chuyá»‡nXem thÃªm tÆ°Æ¡ng lai mÃ  Loki tháº¥y, chÃºng lÃ  Ä‘iá»u pháº£i tá»›i hay cÃ³ thá»ƒ bá»‹ thay Ä‘á»•i?
NhÃ¬n láº¡i quáº£ lÃ  Loki thay Ä‘á»•i nhiá»u so vá»›i xÆ°a :v."
712302867607718,2023-10-12 11:20:17,"Báº£ng Ä‘iá»ƒm vÃ  timeline cá»§a cÃ¡c phim thuá»™c MCU tÃ­nh tá»›i thá»i Ä‘iá»ƒm hiá»‡n táº¡i. Cáº£ má»™t quÃ£ng Ä‘Æ°á»ng dÃ i, dÃ¹ cho cháº¥t lÆ°á»£ng cÃ¡c phim cÃ³ lÃºc lÃªn xuá»‘ng tuy nhiÃªn khÃ´ng thá»ƒ phá»¥ nháº­n ráº±ng VÅ© trá»¥ Ä‘iá»‡n áº£nh Marvel quáº£ lÃ  má»™t Ä‘áº¿ cháº¿ hÃ¹ng máº¡nh
ÄÃ¢u lÃ  phim Marvel ae thÃ­ch nháº¥t ?? Cmt á»Ÿ bÃªn dÆ°á»›i Ä‘á»ƒ cÃ¹ng tháº£o luáº­n nÃ o
Cre: MCU Portal"
712184320952906,2023-10-12 07:01:06,HÃ³a ra TVA lÃ  á»• Sam fan Ã  ğŸ¤£ğŸ¤£ğŸ¤£
711874130983925,2023-10-11 20:31:19,"Vá»ªA TRá» Láº I ÄÃƒ Láº¬P THÃ€NH TÃCH áº¤N TÆ¯á»¢NG LOKI SEASON 2 Äáº T 10,9 TRIá»†U LÆ¯á»¢T XEM TRONG 3 NGÃ€Y Äáº¦U TIÃŠN
Theo dá»± liá»‡u má»›i cÃ´ng bá»‘ trÃªn Disney+ táº­p Ä‘áº§u tiÃªn cá»§a Loki Season 2 Ä‘Ã£ Ä‘áº¡t 10,9 triá»‡u lÆ°á»£t xem chá»‰ trong baXem thÃªm ngÃ y Ä‘áº§u tiÃªn ra máº¯t. Chá»‰ vá»›i 1 táº­p phim Ä‘Ã£ Ä‘áº¡t Ä‘Æ°á»£c thÃ nh tÃ­ch ""Ä‘Æ°á»£c xem nhiá»u thá»© 2"" trÃªn Disney+ trong nÄƒm nay.
Táº¥t nhiÃªn lÃ  sá»‘ liá»‡u trÃªn chÆ°a bao gá»“m lÆ°á»£t xem tá»« cÃ¡c ná»n táº£ng ""khÃ´ng chÃ­nh thá»©c"" cá»§a cÃ¡c nÆ°á»›c ""táº¡m thá»i chÆ°a cÃ³"" Disney+. Vá»›i sá»± khá»Ÿi Ä‘áº§u khÃ¡ tá»‘t cÅ©ng nhÆ° tiá»n Ä‘á» háº¥p dáº«n, ráº¥t mong Loki season 2 cÃ³ thá»ƒ tiáº¿p ná»‘i thÃ nh cÃ´ng cá»§a mÃ¹a Ä‘áº§u tiÃªn vÃ  tiáº¿p tá»¥c lÃ m tá»‘t á»Ÿ cÃ¡c táº­p tiáº¿p theo, Ä‘áº·c biá»‡t lÃ  táº­p cuá»‘i."
711693104335361,2023-10-11 13:31:21,"Cáº£nh má»Ÿ Ä‘áº§u trong The Marvels sáº½ lÃ  phÃ¢n Ä‘oáº¡n Carol huá»· diá»‡t Supreme Interlligence trong Captain Marvel dÆ°á»›i gÃ³c nhÃ¬n cá»§a ngÆ°á»i Kree.
Vá»›i há» cÃ´ ta lÃ  káº» huá»· diá»‡t Ä‘Ã£ táº¥n cÃ´ng ngÆ°á»i Ä‘á»©ng Ä‘áº§u vÃ  khiáº¿n cho nhiá»u ngÆ°á»i kree thiá»‡t máº¡ng. ÄÃºng lÃ  chÃºng ta luÃ´n lÃ  pháº£n diá»‡n trong cÃ¢u chuyá»‡n cá»§a má»™t ai Ä‘Ã³ ğŸ™ğŸ™ğŸ™"
711629904341681,2023-10-11 10:59:59,Skin? nÃ y nhÃ¬n trÃ´ng chiáº¿n thá»±c sá»±
711302351041103,2023-10-10 21:47:51,"Loáº¡t poster má»›i cá»§a 3 ná»¯ anh hÃ¹ng trong The Marvels
Ae cÃ³ muá»‘n lÃ m má»™t chÃºt Offline thÃ¡ng 11 khÃ´ng nÃ o ?"
711235514381120,2023-10-10 19:36:04,Cuá»‘i cÃ¹ng thÃ¬ bn cÅ©ng tÃ¬m Ä‘Æ°á»£c nhÃ  vsinhâ€¦.. trong giáº¥c mÆ¡ ğŸ›Œ
710772097760795,2023-10-09 23:51:51,HÃ¬nh áº£nh má»™t chÃ ng trai tá»‘t váº«n Ä‘ang chá» Ä‘á»£i cÃ´ áº¥y táº¯m xong sáº½ rep inbox
710691894435482,2023-10-09 21:02:10,CÃ¡i cá»­a phÃ²ng Temporal Loom nÃ y cháº¯c khÃ´ng do má»™t Ã´ng trá»c ngá»“i xe lÄƒn nÃ o Ä‘Ã³ thiáº¿t káº¿ ra Ä‘Ã¢u nhá»‰ğŸ‘€ğŸ‘´ğŸ‘¨â€ğŸ¦¼âœ–ï¸
710465971124741,2023-10-09 12:04:44,"""TÃ´i muá»‘n tráº£i nghiá»‡m má»i thá»©."" - Sylvie.
Sau bao nhiÃªu nÄƒm trá»‘n cháº¡y khá»i TVA, Sylvie Ä‘Ã£ cÃ³ lá»±a chá»n thÃº vá»‹ khi chá»n Ä‘áº¿n TrÃ¡i Äáº¥t Ä‘á»ƒ tráº£i nghiá»‡m cuá»™c sá»‘ng nhÆ° má»™t con ngÆ°á»i bÃ¬nh thÆ°á»ng thay vÃ¬ trá»Ÿ láº¡i AsgardXem thÃªm nhÆ° má»™t ná»¯ tháº§n cÃ´ng chÃºa.ğŸ‘©
CÃ³ láº½ tá»« quÃ£ng thá»i gian quÃ¡ lÃ¢u liÃªn tá»¥c áº©n náº¥p á»Ÿ nhá»¯ng Ä‘á»‹a Ä‘iá»ƒm cá»§a TrÃ¡i Äáº¥t nhiá»u hÆ¡n lÃ  á»Ÿ chá»‘n cung Ä‘iá»‡n Ä‘Ã£ khiáº¿n cÃ´ tháº¥y chá»‰ tháº¥y quen thuá»™c khÃ´ng khÃ­ nÆ¡i nÃ y hÆ¡n nhá»‰."
709964627841542,2023-10-08 20:06:20,Phim cá»© thÃ­ch thá»­ Ä‘á»™ khá»e tim máº¡ch cá»§a fanğŸ¤ªğŸ¤¯
709897507848254,2023-10-08 17:51:11,PhÃ¡t hiá»‡n nhÃ¢n viÃªn TVA ngá»“i xem phim ngay táº¡i trá»¥ sá»Ÿ trong giá» lÃ m viá»‡c â°
709860621185276,2023-10-08 16:19:08,"DÃ¹ má»›i quen nhau khÃ´ng lÃ¢u nhÆ°ng Mobius vÃ  Loki Ä‘Ã£ nhiá»u láº§n vÃ o sinh ra tá»­ cÃ¹ng nhau, Ã´ng thá»±c sá»± giá»‘ng kiá»ƒu tÃ¬nh báº¡n mÃ  Loki chÆ°a bao giá» cÃ³. Má»™t ngÆ°á»i báº¡n sáºµn sÃ ng hi sinh tÃ­nh máº¡ng, lao mÃ¬nh vÃ o chá»— nguyXem thÃªm hiá»ƒm nháº¥t, sáºµn sÃ ng bá»‹ Ä‘á»‘t chÃ¡y da chá»‰ Ä‘á»ƒ cáº­u báº¡n má»›i quen cá»§a mÃ¬nh khÃ´ng bá»‹ giáº±ng xÃ© giá»¯a nhá»¯ng chiá»u khÃ´ng gian.
ChÆ°a ká»ƒ do mÃ n thá»ƒ hiá»‡n cá»§a Owen ráº¥t duyÃªn nÃªn nhÃ¬n kiá»ƒu gÃ¬ cÅ©ng tháº¥y cÃ³ thiá»‡n cáº£m vá»›i nhÃ¢n váº­t nÃ y."
709461974558474,2023-10-07 23:33:08,MU biáº¿n nhá»¯ng thá»© khÃ´ng thá»ƒ thÃ nh cÃ³ thá»ƒ ğŸ¤¨ğŸ¤¨ğŸ¤¨
709320547905950,2023-10-07 19:21:01,Sylvie ğŸ’š
709114981259840,2023-10-07 10:47:29,CÃ¡ch chÃº Quyá»n Linh Ä‘áº¿m trong chÆ°Æ¡ng trÃ¬nh VÆ°á»£t LÃªn ChÃ­nh Minh ğŸ˜™
708792707958734,2023-10-06 20:50:20,"Äiá»ƒm nháº¥n cá»§a táº­p 1. âœŒï¸

_________________
Loki season 2 hiá»‡n Ä‘ang Ä‘Æ°á»£c khá»Ÿi chiáº¿u trÃªn há»‡ thá»‘ng D+ vÃ  cÃ¡c trang xem phim yÃªu nc cá»§a ngÆ°á»i Viá»‡t"
708778551293483,2023-10-06 20:20:03,Lá»¡ Ä‘á»¥ng vÃ o cÃ¹i chá» be like:
708646771306661,2023-10-06 15:03:13,"Viá»‡c cá»§a nhÃ  trÆ°á»ng lÃ  giÃ¡o dá»¥c, sao lÃ´i tráº» em vÃ´ lÃ m chi váº­y máº¥y ba"
708556741315664,2023-10-06 10:54:22,"Loki season 2 táº­p 1: KhÃ´ng khÃ­ trong táº­p Ä‘áº§u nÃ y cÄƒng tháº³ng vc, cÃ¡c báº¡n xem cáº©n tháº­n káº»o bá»‹ lÃºğŸ¤ªğŸ« .
GiÃ¢ mÃ  chiáº¿u hai táº­p cÃ¹ng má»™t lÃºc nÃ³ má»›i Ä‘Ã£ vÃ¬ nÃ³ bÃ¡nh cuá»‘n quÃ¡ má»i ngÆ°á»i áº¡ğŸ˜ğŸ˜œ"
708255268012478,2023-10-05 22:32:06,"Ngá»§ Ä‘i cÃ¡c báº¡n. SÃ¡ng mai má»›i cÃ³ phim cÆ¡ mÃ  âœŒï¸

Loki Season 2 sáº½ chÃ­nh thá»©c lÃªn sÃ³ng táº­p 1 trÃªn D+ vÃ  há»‡ thá»‘ng xem phim yÃªu nÆ°á»›c cá»§a ngÆ°á»i Viá»‡t
Art by: Emily"
708150971356241,2023-10-05 18:53:21,PhÃ¡t hiá»‡n má»™t biáº¿n thá»ƒ cá»§a Loki á»Ÿ vÅ© trá»¥ Báº¿n ThÃ nh Suá»‘i LÃ´ Ä‘ang Ä‘i tÃ¬m vá»›i CÃ¡t Linh HÃ  Thor Ä‘á»ƒ gÃ¢y sá»± ğŸ˜‚
708027468035258,2023-10-05 13:53:22,Ä‚n ntn má»›i Ä‘á»§ sá»©c chiáº¿n vá»›i Thanos ğŸ§
707437518094253,2023-10-04 12:59:08,HÃ¬nh áº£nh hai anh em Thor vÃ  Loki chÆ¡i cÃ¹ng nhau á»Ÿ má»™t vÅ© trá»¥ khÃ¡c
707382544766417,2023-10-04 09:59:39,Báº¡n Ä‘Ã£ sáºµn sÃ ng cho Loki season 2 ğŸ”¥ğŸ”¥ğŸ”¥ğŸ”¥
707043671466971,2023-10-03 23:02:52,"Lá»— Ká»³ Ä‘Ã£ cÃ³ Ä‘iá»ƒm, Ä‘á»§ xem chÆ°a má»i ngÆ°á»i ğŸ‘€ğŸ˜?"
706742098163795,2023-10-03 09:20:21,"I ... AM ..... SPIDER-MAN ğŸ¤˜ğŸ•·ğŸ•¸

Game Ä‘Æ°á»£c ra máº¯t Ä‘á»™c quyá»n trÃªn cÃ¡c há»‡ mÃ¡y PS5 vÃ  YouTube"
706543811516957,2023-10-03 00:03:01,"ÄÃ¢y lÃ  lá»‹ch ra máº¯t chÃ­nh thá»©c cá»§a Loki Season 2, chuáº©n bá»‹ du hÃ nh cÃ¡c dÃ²ng thá»i gian cÃ¹ng Loki vÃ  nhá»¯ng ngÆ°á»i báº¡n trÃªn Disney+ vÃ  nhÃ  cÃ¡i Ä‘áº¿n tá»« ChÃ¢u Phi nÃ o ğŸ¥°ğŸ¥°ğŸ¥°ğŸ¥°"
706313888206616,2023-10-02 15:34:50,"CÃ¡c khÃ¡n giáº£ Ä‘i xem phim The Creator táº¡i ráº¡p Ä‘Ã£ Ä‘Æ°á»£c xem trÆ°á»›c má»™t cáº£nh khiÃªu vÅ© trong Ä‘Ã¡m cÆ°á»›i cá»§a CÃ´ng chÃºa Carol (Captain Marvel) vÃ  HoÃ ng Tá»­ Yan (Chá»§ quÃ¡n nháº­u Itaewon).
Captain Marvel máº·c Ä‘áº§m dáº¡ há»™i Ä‘Ãºng kiá»ƒu cÃ´ng chÃºa Disney chuáº©n bÃ i rá»“i ğŸ¤£ğŸ¤£ğŸ¤£"
706233404881331,2023-10-02 11:40:57,"Má»™t vÃ i trang Ä‘Æ°a tin fan báº¯t gáº·p Taylor Swift Ä‘i chÆ¡i cÃ¹ng Ryan Reynolds, Hugh Jackman vÃ  Shawn Levy.
Nhiá»u ngÆ°á»i Ä‘oÃ¡n lÃ  Ryan Ä‘Ã£ thuyáº¿t phá»¥c cÃ´ sáº½ thá»ƒ hiá»‡n bÃ i hÃ¡t chÃ­nh cho Deadpool 3 giá»‘ng nhÆ° cÃ¡ch anh má»i Celine Dion hÃ¡t cho Deadpool 2. CÃ³ ngÆ°á»i cÃ²n Ä‘á»“n cÃ´ vÃ o cáº£ vai ná»¯ dá»‹ nhÃ¢n ca sÄ© Dazzler Ä‘á»ƒ gÃ³p vui cho phim."
705555328282472,2023-10-01 08:22:55,"Em lÃ  má»™t ngÆ°á»i ráº¥t tin tÆ°á»Ÿng ngÆ°á»i yÃªu Ä‘á»ƒ anh tá»± do lÃ m nhá»¯ng gÃ¬ mÃ¬nh muá»‘n
CÅ©ng lÃ  cÃ´ áº¥y khi yÃªu:"
705162278321777,2023-09-30 16:25:16,ÄÃ¢y lÃ  pháº§n khÃ³ khÄƒn nháº¥t cá»§a â€œcÃ´ng viá»‡câ€ nÃ y. VÃ  chÃºng ta pháº£i cháº¥p nháº­n nÃ³ thÃ´i
705058071665531,2023-09-30 11:02:25,"Chris Evans chia sáº» ngÆ°á»i Ä‘Ã£ thuyáº¿t phá»¥c anh ráº¥t nhiá»u láº§n Ä‘á»ƒ nháº­n vai Captain America lÃ  NgÆ°á»i Sáº¯t RDJ, trÆ°á»›c Ä‘Ã³ anh cÃ²n sá»£ sáº½ flop náº¿u nháº­n pháº£i má»™t vai siÃªu anh hÃ¹ng dá»Ÿ, nhÆ°ng giá» thÃ¬ Ä‘Ã³ lÃ  má»™t trong nhá»¯ng quyáº¿t Ä‘á»‹nh Ä‘Ãºng Ä‘áº¯n nháº¥t cuá»™c Ä‘á»i cá»§a anh."
704645018373503,2023-09-29 16:55:04,"HÃ¬nh áº£nh cÃ¡c báº¡n tráº» nÃ´ ná»©c Ä‘i chÆ¡i Trung Thu á»Ÿ Ai Cáº­p
Trung Thu cÃ²n Ä‘Æ°á»£c gá»i lÃ  Táº¿t trÃ´ng TrÄƒng hay Táº¿t hoa Ä‘Äƒng theo Ã‚m lá»‹ch lÃ  ngÃ y Ráº±m thÃ¡ng 8 háº±ng nÄƒm, lÃ  má»™t lá»… há»™i truyá»n thá»‘ng Ä‘Æ°á»£c ká»‰ niá»‡m. VÃ o ngÃ y nÃ yXem thÃªm trÄƒng Ä‘áº¹p nháº¥t sÃ¡ng, trÃ²n Ä‘á»ƒ tráº» em cÃ³ thá»ƒ vui chÆ¡i dÆ°á»›i Ã¡nh trÄƒng. Tuy nhiÃªn khÃ´ng hiá»ƒu sao má»›i 5h mÃ  Ä‘Ã£ cÃ³ nÆ¡i treo biá»ƒn háº¿t phÃ²ng ğŸ¤”ğŸ¤”"
704139391757399,2023-09-28 21:24:34,Máº¥y báº¡n lÃ  fan cá»§a Jujutsu Kaisen giá»‘ng ad cháº¯c khÃ´ng nhÃ¬n áº£nh nÃ y má»™t cÃ¡ch bÃ¬nh thÆ°á»ng Ä‘Ã¢u nhá»‰ ğŸ˜‚
703942028443802,2023-09-28 14:10:11,"PhÃ³ chá»§ tá»‹ch, Ã´ng chá»§ quÃ¡n nháº­u ná»•i tiáº¿ng nháº¥t nhÃ¬ Itaewon gÃ³p máº·t trÃªn poster chÃ­nh thá»©c cá»§a The Marvels.

Phim sáº½ chÃ­nh thá»©c cÃ³ máº·t trÃªn táº¥t cáº£ cÃ¡c ráº¡p trÃªn toÃ n quá»‘c vÃ o ngÃ y 10.11 tá»›i Ä‘Ã¢y"
703839208454084,2023-09-28 10:33:14,"CÃ´ng ty 8h vÃ o lÃ m
TÃ´i lÃºc 10h65p á»Ÿ NgÃ£ TÆ° Sá»Ÿ:â€¦.."
703286558509349,2023-09-27 17:03:25,Nghe nÃ³i trend nÃ y Ä‘ang hot thÃ¬ pháº£i ğŸ¤£ğŸ¤£ğŸ¤£
703160878521917,2023-09-27 11:10:55,"PhÃ¢n Ä‘oáº¡n bá»‹ xÃ³a trong Loki season 1 khi Loki há»“i tÆ°á»Ÿng láº¡i cáº£nh hÃ³a Ã´ng anh mÃ¬nh thÃ nh con áº¿ch, Ä‘á»ƒ rá»“i Äƒn 1 bÃºa trÃ­ máº¡ng tá»« Ã´ng anh. á» trong cáº£nh nÃ y thÃ¬ nam diá»…n viÃªn ngÆ°á»i Ãšc giáº¥u tÃªn cÅ©ng trá»±c tiáº¿p lá»“ng tiáº¿ng cho con áº¾ch luÃ´n"
703117185192953,2023-09-27 09:13:40,"Táº¡o hÃ¬nh cá»§a Peter trong game Spider-Man 2 chuáº©n bá»‹ Ä‘Æ°á»£c ra máº¯t ğŸ”¥
Game phÃ¡t hÃ nh thÃ¡ng 10 Ä‘á»™c quyá»n trÃªn PS5 vÃ  há»‡ mÃ¡y giáº£ láº­p Youtube"
702901738547831,2023-09-26 23:30:22,"NgÆ°á»i VÄƒn Minh Ä‘Æ°á»£c Donate 5 quáº£ trá»©ng vÃ  1 quáº£ tÃªn lá»­a: NÃ³i lá»i cáº£m Æ¡n
Con khá»§ng long nÃ o Ä‘Ã³: ğŸ˜’ğŸ˜’ğŸ˜’"
702721881899150,2023-09-26 16:56:29,ÄÃ´i khi thá»© ta cáº§n lÃ  má»™t Ä‘á»©a báº¡n há»£p gu Ä‘á»ƒ rá»§ nhau á»Ÿ nhÃ  coi phim máº·c ká»‡ cuá»™c Ä‘á»i lÃ  Ä‘á»§ ğŸ¿ğŸ¿
702096365295035,2023-09-25 13:26:59,"TIN Má»ªNG: Cuá»‘i cÃ¹ng thÃ¬ sau hÃ ng thÃ¡ng trá»i thÃ¬ cuá»™c Ä‘Ã¬nh cÃ´ng cá»§a cÃ¡c BiÃªn Ká»‹ch Ä‘Ã£ káº¿t thÃºc sau khi cÃ¡c HÃ£ng Phim vÃ  liÃªn Ä‘oÃ n BiÃªn Ká»‹ch Ä‘i Ä‘áº¿n thá»a thuáº­n má»›i, thá»‘ng nháº¥t vá» cÃ¡c Ä‘iá»u khoáº£n dÃ nh cho biÃªn ká»‹ch. Xem thÃªm
Hy vá»ng vá»›i sá»± thay Ä‘á»•i nÃ y thÃ¬ sáº½ cÃ³ nhiá»u ká»‹ch báº£n phim tá»‘t hÆ¡n ná»¯a, tuy nhiÃªn cÃ¡c hÃ£ng phim váº«n cÃ²n pháº£i thá»a thuáº­n vá»›i liÃªn Ä‘oÃ n diá»…n viÃªn vÃ  ráº¥t cÃ³ tháº¿ sáº¯p tá»›i lÃ  VFX.
CÆ¡ mÃ  má»™t bÃªn Ä‘Ã£ Ä‘i Ä‘áº¿n thá»a thuáº­n Ä‘Æ°á»£c rá»“i thÃ¬ liÃªn minh Ä‘Ã¬nh cÃ´ng cÅ©ng sáº½ sá»›m káº¿t thÃºc Ä‘á»ƒ báº¯t Ä‘áº§u quay láº¡i mÃ¹a phim má»›i sá»›m thÃ´i."
702031091968229,2023-09-25 10:27:24,"Guardians of the Galaxy Vol3 káº¿t thÃºc hÃ nh trÃ¬nh táº¡i phÃ²ng vÃ© vá»›i doanh thu 845,555,777$ trÃªn toÃ n tháº¿ giá»›i. \ÄÃ¢y cÅ©ng lÃ  tÃ¡c pháº©m thÃ nh cÃ´ng nháº¥t cáº£ vá» cháº¥t lÆ°á»£ng phim, cáº£m xÃºc cho ngÆ°á»i hÃ¢m má»™ cÅ©ng nhÆ° doanhXem thÃªm thu phÃ²ng vÃ© cá»§a Marvel trong nÄƒm 2023. Vá»›i chi phÃ­ sáº£n xuáº¥t chá»‰ 250 triá»‡u$ vÃ  chá»‰ cáº§n tá»«ng Ä‘Ã³ Ä‘á»ƒ lÃ m má»™t bá»™ phim cháº¥t lÆ°á»£ng, cÃ¡c vá»‡ binh Ä‘Ã£ mang vá» lá»£i nhuáº­n cho Marvel Ä‘á»§ Ä‘á»ƒ báº­t Ä‘Ã¨n xanh cho cÃ¡c pháº§n spin off vá» tá»«ng nhÃ¢n váº­t nhÆ° Star-Lord hay nhÃ³m Vá»‡ Binh má»›i."
701511478686857,2023-09-24 18:15:18,"CHÃšNG TÃ”I KHÃ”NG CHáº¤P NHáº¬N Báº¢N Äá»’ Bá»ŠA Äáº¶T

Trong tráº­n giá»¯a 2 cÆ¡ thá»§ Tráº§n Quyáº¿t Chiáº¿n vÃ  Dick Jaspers trong má»™t giáº£i Ä‘áº¥u thÆ°á»ng niÃªn Ä‘Æ°á»£c tá»• chá»©c táº¡i Trung Quá»‘c.
ÄÃ i phÃ¡t sÃ³ng Ä‘Ã£ cáº¯t ghÃ©p vÃ  Ä‘Æ°a hÃ¬nh áº£nh Ä‘Æ°á»ngXem thÃªm lÆ°á»¡i bÃ² phi phÃ¡p vÃ o nhá»¯ng Ä‘oáº¡n cáº¯t giá»¯a cÃ¡c hiá»‡p Ä‘áº¥u vÃ  chiáº¿n trá»±c tiáº¿p cáº£ trÃªn máº¡ng vÃ  trÃªn sÃ¢n Ä‘áº¥u.
Nháº­n tháº¥y sá»± viá»‡c nÃ y HLV Nguyá»…n Viá»‡t HÃ²a Ä‘Ã£ dá»«ng tráº­n Ä‘áº¥u vÃ  cÃ¹ng cÆ¡ thá»§ Tráº§n Quyáº¿t Chiáº¿n bá» Ä‘áº¥u vÃ  vá» Viá»‡t Nam ngay Ä‘á»ƒ pháº£n Ä‘á»‘i hÃ nh Ä‘á»™ng cá»§a ban tá»• chá»©c cÅ©ng nhÆ° nhÃ  Ä‘Ã i trÃªn Ä‘Ã£ cÃ³ nhá»¯ng hÃ¬nh áº£nh phi thá»ƒ thao vÃ  bá»‹a Ä‘áº·t chiáº¿c báº£n Ä‘á»“ khÃ´ng Ä‘Æ°á»£c cÃ´ng nháº­n Ä‘Ã³.
Chá»§ tá»‹ch LiÃªn Ä‘oÃ n Billiards & Snookers Tháº¿ giá»›i Farouk Barki Ä‘Ã£ liÃªn há»‡ vá»›i liÃªn Ä‘oÃ n thá»ƒ thao Ä‘á»ƒ cáº§n lá»i giáº£i thÃ­ch táº¿ nhá»‹ nhÆ°ng ráº¥t rÃµ rÃ ng váº­n Ä‘á»™ng viÃªn Tráº§n Quyáº¿t Chiáº¿n Ä‘Ã£ tráº£ lá»i ráº±ng: â€œÄÃ¢y lÃ  sá»± xuyÃªn táº¡c Ä‘áº¿n chá»§ quyá»n Viá»‡t Nam vÃ  khÃ´ng thá»ƒ dÃ¹ng lÃ½ do gÃ¬ khÃ¡c""
Má»™t hÃ nh Ä‘á»™ng nhá» cÅ©ng lÃ  má»™t Ä‘iá»ƒm nháº¥m quan trá»ng trong viá»‡c kháº³ng Ä‘á»‹nh TrÆ°á»ng Sa, HoÃ ng Sa lÃ  cá»§a Viá»‡t Nam trong lÃ£nh háº£i nÆ°á»›c ta vÃ  khÃ´ng cÃ³ báº¥t kÃ¬ chiáº¿c lÆ°á»¡i bÃ² nÃ o thá» xuá»‘ng Ä‘Æ°á»£c cáº£."
701329305371741,2023-09-24 10:53:29,"Má»™t trong nhá»¯ng concept khÃ´ng Ä‘Æ°á»£c Ä‘Æ°a lÃªn phim khi MJ ra tay cá»©u báº¡n trai, rá»“i bá»‹ GG Ä‘áº©y rÆ¡i xuá»‘ng, ngay sau Ä‘Ã³ lÃ  cáº£nh Peter 3 ra tay cá»©u ká»‹p khiáº¿n khÃ¡n giáº£ vá»• tay hÃ² hÃ©t quÃ¡ trá»i ğŸ˜‹"
700881418749863,2023-09-23 17:36:38,"Adding Captain Carter ğŸ––

ThÃªm Ä‘á»™i trÆ°á»Ÿng Carter ğŸ––"
700774285427243,2023-09-23 13:01:32,Trung bÃ¬nh ngÆ°á»i sá»Ÿ há»¯u iPhone15 series nhá»¯ng ngÃ y gáº§n Ä‘Ã¢y thÆ°á»ng khÃ´ng dÃ¹ng á»‘p hoáº·c á»‘p trong
700206022150736,2023-09-22 14:38:45,"Nay cÃ³ thá»i gian xem láº¡i Doctor Strange in the Multiverse of Madness thÃ¬ tháº¥y chi tiáº¿t nhá»‘t Wanda vÃ o CÃ´ng ViÃªn Thá»§y Tinh Ä‘Ãºng lÃ  má»™t trÃ² ráº¥t Ã¡c cá»§a Strange. KhÃ´ng chá»‰ giá»›i háº¡n káº» Ä‘á»‹ch trong khÃ´ng gian kÃ­n mÃ Xem thÃªm cÃ²n háº¡n cháº¿ má»i Ä‘Ã²n táº¥n cÃ´ng ma thuáº­t cÃ³ thá»ƒ gÃ¢y nguy hiá»ƒm cho chÃ­nh ngÆ°á»i dÃ¹ng.
ChÆ°a ká»ƒ Ä‘áº¿n cáº£nh quay cá»§a Sam Raimi lÃºc Wanda nháº­n ra mÃ¬nh trong khÃ´ng CÃ´ng ViÃªn Thá»§y TInh nÃ y cÅ©ng ráº¥t nghá»‡ ná»¯a chá»©, nÃ³ mÃ  kÃ©o dÃ i hÆ¡n khoáº£ng 5 phÃºt ná»¯a Ä‘á»ƒ Wanda tÃ¬m Ä‘Æ°á»£c Ä‘Æ°á»ng ra thÃ¬ cháº¯c háº¥p dáº«n láº¯m."
700145222156816,2023-09-22 11:34:12,"Poster má»›i cá»§a vá»‹ tháº§n Lá»«a season 2

Phim sáº½ ra máº¯t thÃ¡ng 10 trÃªn Ä+ vÃ  cÃ¡c ná»n táº£ng xem phim yÃªu nÆ°á»›c cá»§a ngÆ°á»i Viá»‡t"
699697298868275,2023-09-21 15:17:14,"TÆ°á»Ÿng tÆ°á»£ng báº¡n Ä‘ang cÃ³ má»™t cÃ´ng viá»‡c tá»± do thu nháº­p Ä‘á»u vÃ i tá»· má»—i nÄƒm mÃ  cháº³ng pháº£i Ä‘Ã³ng thuáº¿, láº¡i cÃ²n Ä‘Æ°á»£c cáº£ tiáº¿ng láº«n cáº£ miáº¿ng Ä‘á»ƒ xÃ¢y biá»‡t thá»±, du lá»‹ch, mua Ä‘á»“ hiá»‡u, casino cÃ¡c thá»©. Xong Ä‘Ã¹ng má»™t cÃ¡i bá»‹ cáº¯t thu nháº­p thÃ¬ cháº³ng dá»—i ğŸ˜«ğŸ˜«ğŸ˜«"
699662705538401,2023-09-21 13:28:29,Loki season 2 khá»Ÿi chiáº¿u 6.10 trÃªn Disney+ vÃ  Moizz
699561975548474,2023-09-21 08:53:38,"ThÃ´ng thÆ°á»ng thÃ¬ muá»‘n háº¡ máº¥y Ä‘á»©a cÃ³ kháº£ nÄƒng phá»¥c há»“i thÃ¬ pháº£i cho pay Ä‘áº§u
CÃ²n cá»©u Ä‘c ae áº¡ , yÃªn tÃ¢m"
699323978905607,2023-09-20 22:40:46,"ğŒğ€ğ‘ğ•ğ„ğ‹ ğ†ğ ğ•ğˆğ„ğ“ğğ€ğŒ: ğ‡ğ„ğ‘ğğ„ğ’ ğğ ğ“ğ‡ğ„ ğ’ğ“ğ‘ğ„ğ„ğ“ğ’

Bá»™ sÆ°u táº­p Marvel Go Local Ä‘áº§u tiÃªn cá»§a ÄÃ´ng Nam Ã chÃ­nh thá»©c lá»™ diá»‡n ğŸ’¯
HÃ£y thá»­ xem cÃ¡ch mÃ  nhá»¯ng thÆ°Æ¡ng hiá»‡u tráº» thá»•i há»“n vÄƒn hÃ³a dÃ¢n gian vÃ o trong nhá»¯ng bá»™ trang phá»¥cXem thÃªm theo cÃ¡ch chÆ°a tá»«ng cÃ³ trÆ°á»›c Ä‘Ã¢y.
Vá»›i Ä‘iá»ƒn nháº¥n chÃ­nh lÃ  logo Marvel phiÃªn báº£n Viá»‡t Nam nháº¥t cÃ³ thá»ƒ, káº¿t há»£p vá»›i nhá»¯ng chiáº¿c Ã¡o thÃªu hÃ¬nh Black Panther theo hÃ¬nh áº£nh cá»§a Ã´ng Tháº§n BÃ¡o Canh Äá»n, ThiÃªn LÃ´i Thor hay Chi Tri Äáº¡i Hiá»‡p Peter Parker Ä‘u dÃ¢y trong tranh HÃ ng Trá»‘ng.

CÃ¹ng xem toÃ n bá»™ cÃ¡c sáº£n pháº©m cá»§a bá»™ sÆ°u táº­p: Marvel Go Vietnam táº¡i Ä‘Æ°á»ng link dÆ°á»›i pháº§n comment nha ğŸ”¥ğŸ”¥ğŸ”¥"
699139842257354,2023-09-20 16:07:11,Suy ğŸ¥²
699092455595426,2023-09-20 14:05:59,"Soâ€¦. This it what it feels likeâ€¦.

Váº­y lÃ .... ÄÃ¢y lÃ  cáº£m giÃ¡c cá»§a nÃ³...."
699043455600326,2023-09-20 11:55:50,"Con báº¡n tÃ´i: Tao khÃ´ng cÃ³ gu báº¡n trai cá»¥ thá»ƒ Ä‘Ã¢u
ÄÃ¡m ngÆ°á»i yÃªu cÅ© cá»§a nÃ³:"
698731722298166,2023-09-19 22:29:32,"ğŸ’¯ğŸ’¯ Cá»°C HOT: Láº¦N Äáº¦U TIÃŠN Táº I ÄÃ”NG NAM Ã - MARVEL PHIÃŠN Báº¢N VIá»†T NAM ğŸ’¯ğŸ’¯

ğŸ”¥ Viá»‡t Nam chÃ­nh thá»©c trá»Ÿ thÃ nh quá»‘c gia thá»© 4 trÃªn toÃ n tháº¿ giá»›i Ä‘Æ°á»£c Marvel ra máº¯t bá»™ sÆ°u táº­p Go Local. Láº¥y cáº£m há»©ng tá»« vÄƒn hÃ³a dÃ¢n tá»™cXem thÃªm Ä‘á»ƒ mang Ä‘áº¿n nhá»¯ng siÃªu anh hÃ¹ng Marvel phiÃªn báº£n hoÃ n toÃ n má»›i.

ğŸ”¥ Bá»™ sÆ°u táº­p ""Marvel Go Vietnam"" Ä‘áº¡i diá»‡n cho sá»± giao thoa káº¿t há»£p cá»§a cÃ¡c biá»ƒu tÆ°á»£ng vÄƒn hoÃ¡ Ä‘áº¡i chÃºng tháº¿ giá»›i vá»›i vÄƒn hoÃ¡ truyá»n thá»‘ng. CÃ¡c thiáº¿t káº¿ trong bá»™ sÆ°u táº­p láº§n nÃ y Ä‘Æ°á»£c chÃ­nh Marvel káº¿t há»£p cÃ¹ng thÆ°Æ¡ng hiá»‡u thá»i trang Boo nghiÃªn cá»©u vÃ  sá»­ dá»¥ng tranh HÃ ng Trá»‘ng Ä‘á»ƒ lÃ m tÆ° liá»‡u, kháº¯c hoáº¡ hÃ¬nh áº£nh siÃªu anh hÃ¹ng Marvel phiÃªn báº£n Viá»‡t Nam. Vá»›i Spider-Man, Thor, Black Panther, Mjonir vÃ  nhiá»u Avengers khÃ¡c Ä‘Æ°á»£c váº½ láº¡i theo má»™t phiÃªn báº£n Ä‘á»™c Ä‘Ã¡o chÆ°a tá»«ng cÃ³, Ä‘Ã¢y sáº½ lÃ  cÆ¡ há»™i Ä‘á»ƒ cÃ¡c báº¡n cÃ³ thá»ƒ mang nhá»¯ng máº«u thiáº¿u káº¿ Marvel vá»«a flex vÄƒn hÃ³a Viá»‡t Nam Ä‘Ã³.
CÃ¹ng Ä‘Ã³n chá» bá»™ sÆ°u táº­p #MarvelgoVietnam
ğŒğ€ğ‘ğ•ğ„ğ‹ | ğğğ: ğŒğ€ğ‘ğ•ğ„ğ‹ ğ†ğ ğ•ğˆğ„ğ“ğğ€ğŒ: ğ‡ğ„ğ‘ğğ„ğ’ ğğ ğ“ğ‡ğ„ ğ’ğ“ğ‘ğ„ğ„ğ“ğ’"
698497852321553,2023-09-19 13:43:32,"Má»™t bá»™ phim cÃ³ nhiá»u mÃ u sáº¯c báº¯t Ä‘áº§u tá»« nhá»¯ng thÆ°á»›c phim Ä‘en tráº¯ng, WandaVision váº«n lÃ  má»™t trong nhá»¯ng series hay nháº¥t cá»§a MCU tá»›i thá»i Ä‘iá»ƒm hiá»‡n táº¡i.

Video by aidxn"
698405525664119,2023-09-19 10:30:54,"Má»™t trong nhá»¯ng cÃ¢u há»i mÃ  fan váº«n thÆ°á»ng hay tháº¯c máº¯c lÃ  vá» nguá»“n gá»‘c cá»§a cÃ¡i biá»ƒu tÆ°á»£ng Black Widow.
CÃ³ thá»ƒ nhiá»u báº¡n cÅ©ng Ä‘Ã£ biáº¿t rá»“i, logo cá»§a cÃ¡c Black Widow trong Marvel láº¥y theo biá»ƒu tÆ°á»£ng trÃªn bá»¥ng cá»§aXem thÃªm loÃ i Nhá»‡n GÃ³a Phá»¥ cÃ³ tÃªn khoa há»c lÃ  Latrodectus. CÅ©ng lÃ  cÃ¡i dÃ²ng nhá»‡n ná»•i tiáº¿ng vá»›i Ä‘áº·c tÃ­nh ""chÃ©n"" ngay báº¡n tÃ¬nh sau khi áº¥y áº¥y xong Ä‘Ã³.
TrÆ°á»›c bá»¥ng loÃ i ká»‹ch Ä‘á»™c nÃ y cÃ³ hÃ¬nh nhÆ° má»™t chiáº¿c Ä‘á»“ng há»“ cat mÃ u Ä‘á», cÅ©ng lÃ  lÃ½ do mÃ  Red Rum sá»­ dá»¥ng bÃ­ danh Black Widow cho cÃ¡c cÃ´ gÃ¡i cá»§a mÃ¬nh, má»™t sÃ¡t thá»§ nguy hiá»ƒm cháº¿t ngÆ°á»i áº©n dÆ°á»›i cÆ¡ thá»ƒ má»™t ná»¯ sÃ¡t thá»§ máº·c Ä‘á»“ Ä‘en."
698123322359006,2023-09-18 23:21:24,"NÃ o ... chÃºng ta láº¡i báº¯t Ä‘áº§u láº¡i tá»« Ä‘áº§u nÃ o

Series Loki Ä‘Æ°á»£c Ä‘á»•i ngÃ y ra máº¯t 5 thÃ¡ng 10 nÄƒm nay trÃªn Disney+ vÃ  cÃ¡c há»‡ thá»‘ng moizz"
698089125695759,2023-09-18 22:11:28,"Pre-order (báº£n Ä‘Ä©a hoáº·c báº£n digital Ä‘á»u Ä‘Æ°á»£c) thÃ¬ sáº½ Ä‘Æ°á»£c unlock sá»›m 2 bá»™ suit assassin's creed chÃ¡y vcl nÃ y kÃ¨m 3 phiÃªn báº£n mÃ u má»—i bá»™. ğŸ˜

DÄ© nhiÃªn khÃ´ng pre-order cÅ©ng cÃ³ thÃ´i nhÆ°ng pháº£i lÃ m khÃ¹ng lÃ m Ä‘iÃªn má»›i unlock Ä‘Æ°á»£c."
697966925707979,2023-09-18 17:45:04,"Má»™t trong nhá»¯ng phiÃªn báº£n Local xá»‹n xÃ² nháº¥t lÃ  phiÃªn báº£n poster Marvel x Trung quá»‘c. TrÆ°á»›c khi dá»—i nhau thÃ¬ thá»‹ trÆ°á»ng Ä‘Ã´ng dÃ¢n nÃ y lÃ  má»™t trong nhá»¯ng con cÆ°ng khi Ä‘Ã³ng gÃ³p lÆ°á»£ng lá»›n doanh thu cho Marvel khÃ´ngXem thÃªm chá»‰ á»Ÿ máº£ng phim mÃ  cÃ²n lÃ  sáº£n pháº©m Äƒn theo.
CÅ©ng vÃ¬ váº­y mÃ  Ä‘á»™i cretive cá»§a Marvel Ä‘Ã£ cÃ³ poster riÃªng cho quá»‘c gia nÃ y.
Giá» mÃ  Marvel káº¿t há»£p vá»›i tranh ÄÃ´ng Há»“, tranh HÃ ng Trá»‘ng cho ra phiÃªn báº£n Avengers Ä‘á»™c nháº¥t thÃ¬ sao nhá»‰?"
697221805782491,2023-09-17 15:22:58,"CÃ¡c siÃªu anh hÃ¹ng Avengers Ä‘á»‘i Ä‘áº§u vá»›i shogun Thanos dÆ°á»›i nÃ©t váº½ cá»§a Nháº­t Báº£n cá»±c ká»³ láº¡ máº¯t vÃ  áº¥n tÆ°á»£ng, bÃ¢y giá» mÃ  cÃ³ má»™t bá»™ Avengers dÆ°á»›i nÃ©t váº½ truyá»n thá»‘ng cá»§a Viá»‡t Nam thÃ¬ háº¿t cá»© gá»i lÃ  Ä‘á»‰nh cá»§a chÃ³p.

Art by Takumitoxin"
696819095822762,2023-09-16 23:41:42,Tá»± nhiÃªn tháº¥y 3 tá»« nÃ y ná»•i kháº¯p tÃ³p tÃ³p nÃªn tháº¥y há»£p vá»›i cáº·p Ä‘Ã´i hoÃ n cáº£nh nÃ y nháº¥t
696603852510953,2023-09-16 16:33:24,"Cáº­p nhá»¯ng thÃ´ng tin má»›i nháº¥t vá» Marvel's Spider-man 2 (RA Máº®T VÃ€O 20/10/2023):

- CÃ³ 65 bá»™ suit khÃ¡c nhau cho cáº£ Peter vÃ  Miles. Tha há»“ chá»¥p choáº¹t banh nÃ³c

- ÄÆ°á»£c chÆ¡i cáº£ hai nhÃ¢n váº­t Peter vÃ  Miles. Chuyá»ƒn Ä‘á»•iXem thÃªm nhÃ¢n váº­t qua láº¡i dá»… dÃ ng nhÆ° GTA V

- TÃ­nh nÄƒng Ray Tracing: Ray Tracing sáº½ Ä‘Æ°á»£c báº­t máº·c Ä‘á»‹nh trÃªn táº¥t cáº£ cÃ¡c cháº¿ Ä‘á»™ Ä‘á»“ há»a trong Spider-Man 2. KhÃ´ng cÃ³ tÃ¹y chá»n nÃ o Ä‘á»ƒ táº¯t Ray Tracing. Táº¥t cáº£ cÃ¡c cháº¿ Ä‘á»™ sáº½ há»— trá»£ 120hz vÃ  VRR.

- Ba cháº¿ Ä‘á»™ Ä‘á»“ há»a:
...Cháº¿ Ä‘á»™ Fidelity: Cho hÃ¬nh áº£nh tá»‘t nháº¥t cÃ³ thá»ƒ, cháº¡y á»Ÿ 30FPS.
...Cháº¿ Ä‘á»™ 40FPS: Cho tráº£i nghiá»‡m cÃ¢n báº±ng giá»¯a hiá»‡u suáº¥t vÃ  hÃ¬nh áº£nh.
...Cháº¿ Ä‘á»™ 60FPS: Cho tráº£i nghiá»‡m mÆ°á»£t mÃ  nháº¥t cÃ³ thá»ƒ, cháº¡y á»Ÿ 60FPS.

- Load cá»±c nhanh nhÆ° Ghost of Tsushima, khÃ´ng cÃ³ loading screen"
696134562557882,2023-09-15 21:25:54,"Bá»™ 3 trá»¥ cá»™t Avengers, ai trÃ´ng cÅ©ng ngÃ u háº¿t xáº£y ğŸ˜"
696105069227498,2023-09-15 20:22:55,"[Cáº¤P BÃO - Cáº¤P Äá»˜ ÄA VÅ¨ TRá»¤]
Theo nhá»¯ng thÃ´ng tin tá»« TVA , má»™t vá»¥ trá»™m tháº¿ ká»‰ vá»«a xáº£y ra táº¡i Earth BOO006. HÃ£y theo dÃµi fanpage Ä‘á»ƒ biáº¿t thÃªm cÃ¡c thÃ´ng tin chi tiáº¿t vá» sá»± kiá»‡n cá»¡ Ä‘a vÅ© trá»¥ nÃ y

ğŸ’¥ Báº¡n Ä‘Ã£ sáºµn sÃ ngXem thÃªm tham gia vÃ o cuá»™c chiáº¿n nÃ y?ğŸ’¥
[New collection coming soon...]
-------------------------------------------
BOO - Everyday life on the streets
#BOO #BOOZILLA #BOOLAAB #boovietnam #BOOxDisney #MarvelGoVietnam #Heroesonthestreets #BOO20years

BOO
15 thÃ¡ng 9 lÃºc 21:00 Â·

ğŒğ€ğ‘ğ•ğ„ğ‹ | ğğğ: ğŒğ€ğ‘ğ•ğ„ğ‹ ğ†ğ ğ•ğˆğ„ğ“ğğ€ğŒ: ğ‡ğ„ğ‘ğğ„ğ’ ğğ ğ“ğ‡ğ„ ğ’ğ“ğ‘ğ„ğ„ğ“ğ’

ğŸ’«AI ÄÃƒ ÄÃNH Cáº®P TRANH HÃ€NG TRá»NG?ğŸ’«

Há»¡i nhá»¯ng cÃ´ng dÃ¢n cá»§a Earth-199999,

Liá»‡u báº¡n Ä‘Ã£ tá»«ng nghÄ© Ä‘áº¿n nhá»¯ng nÄƒm 2300s, thá»© Ä‘e doáº¡ cuá»™c sá»‘ng TrÃ¡i Äáº¥t khÃ´ng cÃ²nXem thÃªm lÃ  nhá»¯ng tháº¿ lá»±c Ä‘en tá»‘i mÃ  chÃ­nh lÃ  sá»± biáº¿n máº¥t bÃ­ áº©n cá»§a nhá»¯ng giÃ¡ trá»‹ vÄƒn hoÃ¡.

CÃ¹ng BOO du hÃ nh Ä‘áº¿n má»™t vÅ© trá»¥ song song MGVN 1.0, khÃ¡m phÃ¡ vá»¥ Ã¡n khi di sáº£n truyá»n thá»‘ng tÃ­ch luá»¹ trong nhiá»u nÄƒm Ä‘ang bá»‹ Ä‘Ã¡nh cáº¯p, áº£nh hÆ°á»Ÿng tá»›i viá»‡c duy trÃ¬, tiáº¿p ná»‘i báº£n sáº¯c nhÃ¢n loáº¡i:

ğŸ“£ ğŸ“£ Nháº­t bÃ¡o Thá»i Ä‘áº¡i Ä‘Æ°a tin ğŸ“°

â€œTheo thÃ´ng bÃ¡o kháº©n tá»« S.H.I.E.L.D, tá»• chá»©c Hydra Ä‘Ã£ trÃ  trá»™n vÃ  Ä‘Ã¡nh cáº¯p bá»©c tranh MGVN 1.0 Ä‘Æ°á»£c trÆ°ng bÃ y táº¡i báº£o tÃ ng Thá»i Ä‘áº¡i. ÄÆ°á»£c biáº¿t, Ä‘Ã¢y lÃ  tÃ¡c pháº©m quÃ½ giÃ¡ sá»­ dá»¥ng cÃ¡c cháº¥tâ€¦ Xem thÃªm"
695868885917783,2023-09-15 10:35:32,Marvel Special nÄƒm nay sáº½ tung láº¡i Werewolf by Night nhÆ°ng lÃ  phiÃªn báº£n cÃ³ mÃ u Ä‘á»ƒ tÄƒng Ä‘á»™ chÃ¢n tháº­t vÃ o Halloween ğŸƒğŸƒ
695287249309280,2023-09-14 12:34:07,â€œCÃ¡c em vá» nhÃ  viáº¿t cho cÃ´ bÃ i vÄƒn mÃ´ táº£ má»™t ngÃ y lÃ m viá»‡c cá»§a bá»‘â€â€¦.
694859289352076,2023-09-13 20:10:17,"The original Avengers ğŸ”¥

Avengers gá»‘c ğŸ”¥"
694625699375435,2023-09-13 10:50:55,Trung bÃ¬nh má»™t buá»•i test thá»­ vá» ip15 pro má»›i táº¡i apple âœŒï¸
694571819380823,2023-09-13 08:22:22,Poster má»›i cho 3 chá»‹ em The Marvels. PhiÃªn báº£n IMAX lÃºc nÃ o cÅ©ng chÃ¡y nhá»‰ğŸ’¥ğŸ”¥.
694167552754583,2023-09-12 18:06:08,Khi báº¡n Ä‘ang chia sáº» cÃ¡c má»‘i báº­n tÃ¢m trong cuá»™c sá»‘ng cá»§a mÃ¬nh vá»›i má»‘i báº­n tÃ¢m lá»›n nháº¥t
694129172758421,2023-09-12 16:29:05,Concept art cá»±c Ä‘á»‰nh cá»§a phim Eternals ğŸ§
693962179441787,2023-09-12 09:51:21,"What if season 2 sáº½ ra máº¯t vÃ o cuá»‘i nÄƒm nay vá»›i nhá»¯ng táº­p phim má»›i vÃ  trong Ä‘Ã³ cÃ³ má»™t vÃ i vÅ© trá»¥ ráº¥t thÃº vá»‹ Ä‘Ã£ Ä‘Æ°á»£c xÃ¡c nháº­n tá»« trÆ°á»›c. CÃ¡c táº­p cÃ²n láº¡i váº«n pháº£i hÃ³ng Ä‘á»ƒ confirm.
Táº­p 1: What if Gamora tiÃªu diá»‡tXem thÃªm Thanos (vá»›i sá»± giÃºp sá»©c cá»§a Stark táº¡i Saakar)
Táº­p 2: What if Captain Carter káº¿t há»£p cÃ¹ng Hydra Stomper 2.0
Táº­p 3: What if Wenwu vs Hela (CÃ¡ nhÃ¢n mÃ¬nh khÃ¡ thÃ­ch táº­p nÃ y)
Táº­p 4: Khá»‘i Tesseract háº¡ cÃ¡nh á»Ÿ khu vá»±c Báº¯c Má»¹, giá»›i thiá»‡u siÃªu anh hÃ¹ng da Ä‘á» Kahhori Ä‘Ã¡nh vá»›i phiÃªn báº£n khÃ¡c cá»§a Hulk"
693627366141935,2023-09-11 19:38:57,"Nhá»¯ng hÃ¬nh áº£nh cá»±c dá»… thÆ°Æ¡ng cá»§a Ä‘Ã´i vá»£ chá»“ng son, mÃ  coi áº£nh thÃ¬ má»›i hiá»ƒu vÃ¬ sao ngÆ°á»i ta gá»i Ã´ng Ã½ lÃ  Cap, áº£nh nÃ o cÅ©ng Ä‘á»™i mÅ© ğŸ¥³ğŸ¥³ğŸ¥³"
693542552817083,2023-09-11 16:11:49,Chá»“ng ngÆ°á»i ta â¤ï¸
693404299497575,2023-09-11 09:44:34,"CHÃNH THá»¨C: Chris Evans giá» Ä‘Ã£ lÃ  trai cÃ³ vá»£
Trong hÃ¬nh lÃ  ná»¥ cÆ°á»i cá»§a káº» chiáº¿n tháº¯ng ğŸ˜˜ğŸ˜˜ ChÃºc má»«ng Captain Ä‘Ã£ tÃ¬m Ä‘Æ°á»£c Peggy cá»§a Ä‘á»i mÃ¬nh"
